desc: I1 cache:         32768 B, 64 B, 8-way associative
desc: D1 cache:         49152 B, 64 B, 12-way associative
desc: LL cache:         37748736 B, 64 B, 18-way associative
cmd: build/sfmb_bin
events: Ir I1mr ILmr Dr D1mr DLmr Dw D1mw DLmw 
fl=./csu/../csu/libc-start.c
fn=__libc_start_main@@GLIBC_2.34
128 2 1 1 2 1 0 0 0 0
134 3 0 0 1 1 0 0 0 0
135 7 0 0 3 1 0 2 0 0
138 1 0 0 1 1 0 0 0 0
139 2 1 1 0 0 0 0 0 0
142 3 0 0 2 1 0 0 0 0
143 2 0 0 2 0 0 0 0 0
144 16 0 0 3 0 0 1 0 0
145 8 1 1 2 2 0 4 0 0
242 13 1 1 0 0 0 7 0 0
311 3 0 0 0 0 0 0 0 0
312 3 0 0 0 0 0 1 0 0
337 6 1 1 2 0 0 1 0 0
340 2 0 0 0 0 0 0 0 0
343 2 0 0 2 0 0 0 0 0
350 2 0 0 1 0 0 1 0 0
352 2 0 0 0 0 0 0 0 0
360 4 0 0 1 0 0 1 0 0
fl=./csu/../sysdeps/nptl/libc_start_call_main.h
fn=(below main)
29 9 1 1 1 0 0 5 0 0
44 3 1 1 0 0 0 1 0 0
46 2 0 0 0 0 0 0 0 0
51 2 0 0 1 1 0 1 0 0
52 2 0 0 1 1 0 1 0 0
55 2 0 0 0 0 0 1 0 0
58 6 1 1 5 0 0 1 0 0
74 2 1 0 0 0 0 1 0 0
fl=./csu/./csu/init-first.c
fn=_init_first
46 6 1 1 0 0 0 2 0 0
51 2 0 0 1 0 0 0 0 0
55 5 1 1 4 2 1 0 0 0
61 1 0 0 0 0 0 1 1 0
62 1 0 0 0 0 0 1 0 0
63 2 0 0 1 1 0 1 1 1
71 2 0 0 0 0 0 0 0 0
72 3 0 0 2 0 0 0 0 0
fl=./ctype/./ctype/ctype-info.c
fn=__ctype_init
29 1 1 1 0 0 0 0 0 0
31 7 1 1 5 4 0 1 0 0
33 4 0 0 2 1 0 1 0 0
35 4 0 0 2 0 0 1 0 0
36 1 0 0 1 0 0 0 0 0
fl=./debug/../sysdeps/x86_64/multiarch/ifunc-memmove.h
fn=__memcpy_chk
56 2 0 0 0 0 0 0 0 0
57 3 1 1 2 0 0 0 0 0
60 3 0 0 1 0 0 0 0 0
61 2 1 1 0 0 0 0 0 0
74 2 0 0 0 0 0 0 0 0
77 2 0 0 0 0 0 0 0 0
85 2 0 0 0 0 0 0 0 0
93 2 1 1 0 0 0 0 0 0
96 5 2 2 1 0 0 0 0 0
fn=__memmove_chk
56 2 0 0 0 0 0 0 0 0
57 3 0 0 2 0 0 0 0 0
60 3 0 0 1 0 0 0 0 0
61 2 1 1 0 0 0 0 0 0
74 2 0 0 0 0 0 0 0 0
77 2 1 1 0 0 0 0 0 0
85 2 0 0 0 0 0 0 0 0
93 2 0 0 0 0 0 0 0 0
96 5 0 0 1 0 0 0 0 0
fn=__mempcpy_chk
56 2 0 0 0 0 0 0 0 0
57 3 1 1 2 0 0 0 0 0
60 3 0 0 1 0 0 0 0 0
61 2 1 1 0 0 0 0 0 0
74 2 0 0 0 0 0 0 0 0
77 2 0 0 0 0 0 0 0 0
85 2 0 0 0 0 0 0 0 0
93 2 1 1 0 0 0 0 0 0
96 5 2 2 1 0 0 0 0 0
fl=./debug/../sysdeps/x86_64/multiarch/ifunc-memset.h
fn=__memset_chk
54 5 0 0 2 0 0 0 0 0
57 3 0 0 1 0 0 0 0 0
58 2 1 1 0 0 0 0 0 0
64 2 1 1 0 0 0 0 0 0
73 2 0 0 0 0 0 0 0 0
75 2 0 0 0 0 0 0 0 0
85 2 0 0 0 0 0 0 0 0
93 2 0 0 0 0 0 0 0 0
96 5 0 0 1 0 0 0 0 0
fl=./debug/../sysdeps/x86_64/multiarch/memcpy_chk.c
fn=__memcpy_chk
29 1 1 1 0 0 0 0 0 0
fl=./debug/../sysdeps/x86_64/multiarch/memmove_chk.c
fn=__memmove_chk
29 1 0 0 0 0 0 0 0 0
fl=./debug/../sysdeps/x86_64/multiarch/mempcpy_chk.c
fn=__mempcpy_chk
29 1 1 1 0 0 0 0 0 0
fl=./debug/../sysdeps/x86_64/multiarch/memset_chk.c
fn=__memset_chk
29 1 0 0 0 0 0 0 0 0
fl=./debug/./debug/printf_chk.c
fn=__printf_chk
25 76 8 2 4 0 0 48 2 2
28 16 2 1 0 0 0 0 0 0
32 24 0 0 0 0 0 16 0 0
33 16 0 0 8 7 0 4 0 0
37 20 4 1 16 0 0 0 0 0
fl=./elf/../bits/stdlib-bsearch.h
fn=intel_check_word.constprop.0
27 96 0 0 0 0 0 0 0 0
28 48 0 0 0 0 0 0 0 0
29 744 0 0 0 0 0 0 0 0
31 648 0 0 0 0 0 0 0 0
32 348 0 0 0 0 0 0 0 0
35 264 0 0 0 0 0 0 0 0
37 120 1 1 0 0 0 0 0 0
fl=./elf/../elf/dl-tls.c
fn=_dl_add_to_slotinfo
1017 36 1 1 0 0 0 20 0 0
1023 4 0 0 4 0 0 0 0 0
1026 4 0 0 4 2 0 0 0 0
1027 4 0 0 0 0 0 0 0 0
1031 12 1 1 4 2 0 0 0 0
1065 8 0 0 0 0 0 0 0 0
1068 8 0 0 0 0 0 4 0 0
1069 12 0 0 4 0 0 4 0 0
1072 24 1 1 24 0 0 0 0 0
fn=_dl_allocate_tls_init
523 11 1 1 0 0 0 8 0 0
524 2 0 0 0 0 0 0 0 0
528 2 0 0 1 1 0 1 0 0
531 1 0 0 0 0 0 0 0 0
534 2 1 1 1 0 0 1 0 0
537 3 0 0 2 1 0 0 0 0
549 1 0 0 1 0 0 0 0 0
554 32 1 1 5 0 0 1 0 0
560 11 1 1 0 0 0 0 0 0
563 12 0 0 4 1 0 0 0 0
564 8 0 0 0 0 0 0 0 0
570 12 1 1 8 0 0 0 0 0
571 8 0 0 0 0 0 0 0 0
573 31 0 0 12 4 0 4 1 1
576 8 0 0 0 0 0 0 0 0
577 8 0 0 4 0 0 0 0 0
580 8 1 1 0 0 0 0 0 0
581 16 0 0 8 3 0 0 0 0
583 8 0 0 0 0 0 0 0 0
584 8 0 0 4 0 0 0 0 0
593 4 0 0 0 0 0 4 0 0
601 8 0 0 4 0 0 0 0 0
603 40 0 0 8 0 0 12 0 0
609 4 0 0 4 0 0 0 0 0
615 2 0 0 1 0 0 1 0 0
618 2 0 0 1 0 0 1 0 0
621 9 0 0 8 0 0 0 0 0
fn=_dl_allocate_tls_storage
365 1 0 0 1 0 0 0 0 0
369 1 1 1 0 0 0 0 0 0
370 1 0 0 0 0 0 0 0 0
371 2 0 0 0 0 0 0 0 0
374 1 0 0 0 0 0 1 1 1
380 2 0 0 0 0 0 1 0 0
417 7 2 2 0 0 0 4 0 0
419 1 0 0 1 0 0 0 0 0
430 1 0 0 1 0 0 0 0 0
431 1 0 0 0 0 0 0 0 0
432 2 0 0 0 0 0 0 0 0
440 6 0 0 0 0 0 0 0 0
441 1 1 1 0 0 0 0 0 0
445 305 0 0 0 0 0 297 37 37
464 1 0 0 0 0 0 1 1 1
470 7 0 0 5 0 0 0 0 0
fn=_dl_assign_tls_modid
125 12 1 1 0 0 0 3 0 0
128 6 0 0 3 0 0 0 0 0
141 3 0 0 3 0 0 0 0 0
181 3 0 0 0 0 0 0 0 0
183 3 1 1 0 0 0 3 0 0
186 3 0 0 0 0 0 3 0 0
187 6 0 0 6 0 0 0 0 0
fn=_dl_count_modids
192 1 1 1 0 0 0 0 0 0
194 2 0 0 1 0 0 0 0 0
195 1 0 0 1 0 0 0 0 0
210 2 0 0 1 0 0 0 0 0
fn=_dl_determine_tlsoffset
216 9 1 1 0 0 0 6 0 0
217 1 0 0 0 0 0 0 0 0
218 1 0 0 0 0 0 0 0 0
219 1 0 0 0 0 0 0 0 0
222 4 0 0 1 0 0 1 0 0
225 2 0 0 1 0 0 0 0 0
259 1 0 0 0 0 0 0 0 0
261 32 1 1 9 0 0 0 0 0
263 11 1 1 5 0 0 1 0 0
265 12 1 1 4 0 0 0 0 0
266 8 0 0 4 0 0 0 0 0
268 8 0 0 0 0 0 0 0 0
270 20 0 0 4 0 0 0 0 0
281 4 0 0 0 0 0 4 0 0
286 32 0 0 0 0 0 0 0 0
288 8 0 0 0 0 0 0 0 0
289 4 0 0 0 0 0 0 0 0
291 1 0 0 0 0 0 0 0 0
292 2 0 0 0 0 0 0 0 0
294 4 0 0 0 0 0 0 0 0
301 1 0 0 0 0 0 1 0 0
302 7 2 2 1 0 0 0 0 0
304 2 0 0 0 0 0 1 0 0
354 1 0 0 0 0 0 1 0 0
355 8 0 0 7 0 0 0 0 0
fn=_dl_tls_static_surplus_init
83 3 0 0 0 0 0 0 0 0
97 8 1 1 0 0 0 4 0 0
100 6 0 0 1 0 0 1 0 0
101 5 0 0 1 0 0 1 0 0
102 3 0 0 0 0 0 0 0 0
104 4 1 1 0 0 0 0 0 0
107 1 0 0 0 0 0 0 0 0
109 1 0 0 0 0 0 1 0 0
111 3 0 0 0 0 0 1 0 0
112 6 0 0 5 0 0 0 0 0
fl=./elf/../include/list.h
fn=__tls_init_tp
43 2 1 1 1 1 0 1 0 0
44 2 0 0 0 0 0 1 0 0
45 1 0 0 0 0 0 1 0 0
47 1 0 0 0 0 0 1 0 0
fl=./elf/../include/rtld-malloc.h
fn=__minimal_calloc
56 17 0 0 17 0 0 0 0 0
fn=_dl_allocate_tls_storage
44 2 0 0 1 0 0 1 0 0
56 1 0 0 1 0 0 1 0 0
fn=_dl_check_map_versions
44 18 1 1 6 0 0 6 0 0
fn=_dl_find_object_init
56 2 0 0 1 0 0 1 0 0
fn=_dl_important_hwcaps
56 4 0 0 2 0 0 2 0 0
fn=_dl_init_paths
56 5 0 0 3 0 0 3 0 0
fn=_dl_map_object_deps
56 12 0 0 6 0 0 6 0 0
fn=_dl_new_object
44 18 0 0 6 0 0 6 0 0
56 15 1 1 5 0 0 5 0 0
fn=do_lookup_x
44 13 0 0 3 0 0 6 0 0
fn=fillin_rpath.isra.0
50 2 1 1 2 0 0 1 0 0
51 1 0 0 0 0 0 0 0 0
56 2 0 0 1 0 0 1 0 0
fn=init_tls
44 2 0 0 1 0 0 1 0 0
fl=./elf/../include/scratch_buffer.h
fn=_dl_map_object_deps
77 2 0 0 0 0 0 1 1 1
78 1 0 0 0 0 0 1 0 0
85 3 1 1 1 0 0 0 0 0
131 20 1 1 0 0 0 10 0 0
fl=./elf/../misc/sbrk.c
fn=sbrk
37 6 1 1 0 0 0 3 0 0
40 1 0 0 1 0 0 0 0 0
58 2 0 0 0 0 0 0 0 0
62 2 0 0 0 0 0 0 0 0
78 5 1 1 4 0 0 0 0 0
fl=./elf/../nptl/nptl-stack.h
fn=__libc_early_init
61 8 1 1 2 1 0 0 0 0
fl=./elf/../sysdeps/generic/_itoa.h
fn=_dl_check_map_versions
76 39 0 0 13 0 0 26 0 0
fl=./elf/../sysdeps/generic/dl-cache.h
fn=_dl_load_cache_lookup
125 4 1 1 4 0 0 0 0 0
194 1 0 0 1 0 0 0 0 0
195 5 0 0 0 0 0 0 0 0
fl=./elf/../sysdeps/generic/dl-call_tls_init_tp.h
fn=init_tls
31 8 0 0 0 0 0 2 0 0
33 1 0 0 0 0 0 1 0 0
fl=./elf/../sysdeps/generic/dl-debug.h
fn=dl_main
29 4 0 0 2 0 0 0 0 0
30 1 0 0 0 0 0 1 0 0
fl=./elf/../sysdeps/generic/dl-hash.h
fn=__rtld_malloc_init_real
43 1 0 0 0 0 0 0 0 0
44 1 0 0 0 0 0 0 0 0
45 19 0 0 6 1 1 0 0 0
48 18 0 0 0 0 0 0 0 0
62 24 0 0 0 0 0 0 0 0
67 1 0 0 0 0 0 0 0 0
72 1 0 0 0 0 0 1 0 0
fl=./elf/../sysdeps/generic/dl-new-hash.h
fn=_dl_lookup_symbol_x
69 1939 0 0 0 0 0 0 0 0
70 3878 0 0 0 0 0 0 0 0
74 41487 0 0 41487 1411 1230 0 0 0
77 82974 0 0 0 0 0 0 0 0
80 40514 0 0 40514 469 423 0 0 0
81 81028 0 0 0 0 0 0 0 0
87 966 2 1 0 0 0 0 0 0
88 966 0 0 0 0 0 0 0 0
89 1932 0 0 0 0 0 0 0 0
90 966 0 0 0 0 0 0 0 0
99 39548 0 0 0 0 0 0 0 0
101 39548 0 0 0 0 0 0 0 0
102 79096 0 0 0 0 0 0 0 0
104 39548 2 1 0 0 0 0 0 0
105 39548 0 0 0 0 0 0 0 0
fl=./elf/../sysdeps/generic/dl-protected.h
fn=do_lookup_x
29 7692 0 0 0 0 0 0 0 0
fl=./elf/../sysdeps/generic/ldsodefs.h
fn=_dl_relocate_object
79 62 1 1 30 0 0 0 0 0
140 10500 0 0 3500 0 0 0 0 0
fn=_dl_start
79 6 1 1 3 0 0 0 0 0
fn=do_lookup_x
139 3846 0 0 1923 0 0 0 0 0
140 5769 0 0 0 0 0 0 0 0
fl=./elf/../sysdeps/nptl/dl-mutex.c
fn=__rtld_mutex_init
30 7 1 1 0 0 0 4 0 0
37 1 0 0 1 0 0 0 0 0
40 7 0 0 0 0 0 1 0 0
44 2 1 1 0 0 0 0 0 0
45 9 0 0 3 0 0 1 0 0
47 6 0 0 0 0 0 1 0 0
51 2 1 1 0 0 0 0 0 0
52 7 0 0 3 0 0 1 0 0
53 6 0 0 5 0 0 0 0 0
fl=./elf/../sysdeps/nptl/dl-tls_init_tp.c
fn=__tls_init_tp
68 5 0 0 0 0 0 2 0 0
69 1 0 0 1 0 0 0 0 0
72 1 0 0 0 0 0 0 0 0
75 4 0 0 0 0 0 1 0 0
76 2 0 0 0 0 0 1 0 0
77 1 1 1 0 0 0 1 0 0
82 2 0 0 1 0 0 1 0 0
87 4 0 0 0 0 0 1 0 0
90 1 0 0 0 0 0 1 0 0
93 3 0 0 0 0 0 0 0 0
105 4 1 1 0 0 0 1 0 0
121 3 0 0 2 1 0 1 0 0
128 2 0 0 1 0 0 1 0 0
129 3 0 0 3 0 0 0 0 0
fn=__tls_pre_init_tp
53 3 1 1 0 0 0 0 0 0
56 10 1 1 0 0 0 3 1 1
61 2 0 0 0 0 0 1 0 0
62 1 1 1 0 0 0 1 0 0
64 1 0 0 1 0 0 0 0 0
fn=rtld_mutex_dummy
42 180 0 0 0 0 0 0 0 0
44 360 0 0 180 0 0 0 0 0
fl=./elf/../sysdeps/nptl/pthread_early_init.h
fn=__libc_early_init
33 6 1 1 0 0 0 1 0 0
34 1 0 0 1 0 0 0 0 0
38 5 0 0 0 0 0 0 0 0
45 2 0 0 2 0 0 0 0 0
46 1 0 0 0 0 0 0 0 0
48 2 0 0 0 0 0 0 0 0
52 5 1 1 0 0 0 1 0 0
53 1 0 0 0 0 0 1 1 1
54 1 0 0 0 0 0 1 1 1
56 1 0 0 0 0 0 1 0 0
fl=./elf/../sysdeps/posix/dl-fileid.h
fn=_dl_map_object_from_fd
37 20 0 0 0 0 0 5 1 1
40 20 0 0 15 1 1 5 0 0
49 60 0 0 30 1 1 0 0 0
fl=./elf/../sysdeps/unix/sysv/linux/brk.c
fn=brk
36 1 1 1 0 0 0 0 0 0
37 1 0 0 0 0 0 1 1 1
38 2 0 0 0 0 0 0 0 0
44 1 0 0 0 0 0 0 0 0
45 1 0 0 1 0 0 0 0 0
fl=./elf/../sysdeps/unix/sysv/linux/brk_call.h
fn=brk
24 2 0 0 0 0 0 0 0 0
fl=./elf/../sysdeps/unix/sysv/linux/dl-osinfo.h
fn=dl_main
39 2 0 0 1 0 0 0 0 0
52 1 0 0 1 0 0 0 0 0
fl=./elf/../sysdeps/unix/sysv/linux/dl-parse_auxv.h
fn=_dl_sysdep_parse_arguments
32 2 0 0 0 0 0 1 0 0
33 1 0 0 0 0 0 1 0 0
34 1 0 0 0 0 0 1 0 0
41 93 1 1 24 6 6 0 0 0
42 44 0 0 0 0 0 0 0 0
43 44 0 0 22 0 0 22 0 0
45 1 0 0 0 0 0 1 0 0
46 2 0 0 1 0 0 1 0 0
47 2 0 0 1 0 0 1 0 0
48 2 0 0 1 0 0 1 0 0
49 1 0 0 0 0 0 1 0 0
51 2 1 1 1 0 0 1 0 0
52 2 0 0 1 0 0 1 1 1
53 2 0 0 1 0 0 1 0 0
54 2 1 1 1 0 0 1 0 0
56 2 0 0 1 0 0 1 0 0
fl=./elf/../sysdeps/unix/sysv/linux/dl-sysdep.c
fn=_dl_sysdep_parse_arguments
78 7 1 1 0 0 0 4 1 1
79 2 0 0 1 0 0 1 1 1
80 2 0 0 0 0 0 1 0 0
81 3 0 0 0 0 0 1 1 1
82 28 0 0 0 0 0 0 0 0
83 59 1 1 29 4 4 0 0 0
86 2 1 1 0 0 0 1 1 1
90 56 0 0 0 0 0 52 6 6
93 5 0 0 3 0 0 1 0 0
94 2 0 0 1 0 0 1 0 0
95 3 1 1 2 0 0 1 0 0
96 6 0 0 5 0 0 0 0 0
fn=_dl_sysdep_start
102 6 1 1 0 0 0 2 0 0
103 1 0 0 0 0 0 1 0 0
106 2 0 0 0 0 0 1 1 1
110 2 0 0 1 0 0 1 0 0
113 1 0 0 0 0 0 1 0 0
115 2 0 0 0 0 0 1 0 0
122 3 1 1 1 0 0 0 0 0
123 2 0 0 0 0 0 2 0 0
125 5 0 0 0 0 0 1 0 0
137 3 0 0 1 0 0 0 0 0
140 5 1 1 3 0 0 1 0 0
143 4 1 0 4 1 0 0 0 0
fn=_dl_sysdep_start_cleanup
147 1 1 1 0 0 0 0 0 0
148 1 0 0 1 0 0 0 0 0
fl=./elf/../sysdeps/unix/sysv/linux/dl-vdso-setup.h
fn=dl_main
30 1 0 0 0 0 0 1 0 0
33 1 1 1 0 0 0 1 0 0
36 1 0 0 0 0 0 1 0 0
39 1 0 0 0 0 0 1 0 0
45 1 0 0 0 0 0 1 0 0
fl=./elf/../sysdeps/unix/sysv/linux/dl-vdso.h
fn=dl_main
40 2 1 1 1 0 0 0 0 0
41 5 0 0 0 0 0 2 0 0
55 2 0 0 0 0 0 0 0 0
fl=./elf/../sysdeps/unix/sysv/linux/rseq-internal.h
fn=__tls_init_tp
32 3 0 0 1 0 0 0 0 0
34 7 1 1 0 0 0 0 0 0
37 2 0 0 0 0 0 0 0 0
40 1 0 0 0 0 0 1 0 0
fl=./elf/../sysdeps/unix/sysv/linux/x86/dl-hwcap2.h
fn=update_active.constprop.0
25 2 0 0 1 0 0 0 0 0
fl=./elf/../sysdeps/unix/sysv/linux/x86/dl-minsigstacksize.h
fn=get_common_indices.constprop.0
24 2 2 2 1 0 0 0 0 0
27 2 0 0 1 0 0 0 0 0
28 2 0 0 1 0 0 0 0 0
65 3 0 0 0 0 0 0 0 0
72 1 0 0 0 0 0 0 0 0
74 1 0 0 0 0 0 1 0 0
fl=./elf/../sysdeps/x86/cpu-features.c
fn=get_common_indices.constprop.0
398 3 1 1 0 0 0 2 0 0
402 4 0 0 0 0 0 0 0 0
405 5 0 0 0 0 0 3 0 0
409 1 0 0 0 0 0 1 0 0
410 4 0 0 0 0 0 1 0 0
411 4 1 1 0 0 0 1 0 0
412 4 0 0 0 0 0 1 0 0
413 3 0 0 0 0 0 1 0 0
414 2 0 0 1 0 0 0 0 0
421 2 0 0 1 0 0 0 0 0
423 9 0 0 0 0 0 4 1 1
428 8 2 2 0 0 0 4 1 1
435 2 0 0 1 0 0 0 0 0
436 7 0 0 0 0 0 4 1 1
442 2 0 0 1 0 0 0 0 0
457 3 0 0 3 0 0 0 0 0
fn=init_cpu_features.constprop.0
376 3 0 0 0 0 0 0 0 0
377 2 0 0 0 0 0 0 0 0
378 6 0 0 0 0 0 4 0 0
383 2 1 1 0 0 0 0 0 0
384 6 1 1 0 0 0 4 0 0
389 2 0 0 0 0 0 0 0 0
390 7 1 1 0 0 0 4 0 0
682 8 1 1 0 0 0 6 0 0
685 1 0 0 0 0 0 1 0 0
686 1 1 1 0 0 0 1 0 0
687 1 0 0 0 0 0 1 0 0
690 1 0 0 0 0 0 1 1 1
699 3 0 0 0 0 0 1 0 0
702 6 1 1 0 0 0 0 0 0
703 1 0 0 0 0 0 0 0 0
706 2 0 0 0 0 0 1 0 0
708 6 2 2 0 0 0 1 0 0
713 1 0 0 0 0 0 1 0 0
715 3 0 0 1 0 0 0 0 0
717 9 2 2 3 1 1 1 0 0
721 7 0 0 1 1 1 0 0 0
774 3 0 0 2 0 0 0 0 0
781 2 1 1 0 0 0 1 0 0
799 1 1 1 0 0 0 1 0 0
832 2 0 0 0 0 0 0 0 0
866 4 1 1 0 0 0 0 0 0
869 2 0 0 0 0 0 1 0 0
870 1 1 1 0 0 0 0 0 0
878 2 1 1 1 0 0 0 0 0
885 2 0 0 1 0 0 0 0 0
887 2 0 0 0 0 0 1 0 0
891 2 0 0 0 0 0 0 0 0
897 2 0 0 1 0 0 0 0 0
899 1 1 1 0 0 0 0 0 0
1001 3 1 1 1 0 0 0 0 0
1002 2 0 0 0 0 0 1 0 0
1005 2 0 0 0 0 0 0 0 0
1006 2 0 0 0 0 0 1 0 0
1012 1 0 0 0 0 0 1 0 0
1013 1 0 0 0 0 0 1 0 0
1014 1 0 0 0 0 0 1 0 0
1015 2 1 1 1 0 0 1 0 0
1019 4 0 0 0 0 0 1 0 0
1022 4 0 0 0 0 0 1 0 0
1028 3 0 0 1 0 0 0 0 0
1041 2 0 0 0 0 0 0 0 0
1042 4 1 1 1 0 0 0 0 0
1081 1 0 0 0 0 0 1 0 0
1082 2 1 1 1 0 0 0 0 0
1086 3 0 0 1 0 0 0 0 0
1103 2 1 1 0 0 0 0 0 0
1104 2 0 0 0 0 0 0 0 0
1106 3 0 0 0 0 0 0 0 0
1107 2 0 0 1 0 0 0 0 0
1109 3 0 0 0 0 0 0 0 0
1110 2 0 0 0 0 0 0 0 0
1113 2 0 0 0 0 0 1 0 0
1127 4 0 0 0 0 0 1 0 0
1129 4 0 0 0 0 0 1 0 0
1135 4 0 0 0 0 0 1 0 0
1142 8 0 0 7 0 0 0 0 0
fn=update_active.constprop.0
72 8 2 2 0 0 0 6 0 0
76 1 0 0 1 0 0 0 0 0
84 3 1 1 1 0 0 0 0 0
85 3 0 0 0 0 0 0 0 0
86 1 0 0 1 0 0 0 0 0
94 4 0 0 1 0 0 1 0 0
95 1 0 0 1 0 0 0 0 0
103 4 0 0 1 0 0 1 0 0
104 1 0 0 1 0 0 0 0 0
109 4 0 0 0 0 0 1 0 0
112 4 0 0 1 0 0 1 0 0
113 1 0 0 1 0 0 0 0 0
116 5 1 1 1 0 0 2 1 1
117 2 1 1 1 0 0 1 0 0
121 5 0 0 1 0 0 2 0 0
122 3 0 0 2 0 0 0 0 0
123 3 1 1 2 0 0 0 0 0
124 2 0 0 1 0 0 1 0 0
128 5 0 0 1 0 0 1 0 0
129 5 1 1 2 0 0 1 0 0
130 3 0 0 2 1 1 0 0 0
132 2 0 0 0 0 0 0 0 0
133 4 0 0 0 0 0 1 0 0
147 2 0 0 0 0 0 0 0 0
151 7 2 2 0 0 0 4 0 0
152 4 0 0 0 0 0 1 0 0
154 3 0 0 0 0 0 0 0 0
158 4 1 1 0 0 0 1 0 0
161 1 0 0 0 0 0 0 0 0
164 2 0 0 0 0 0 0 0 0
166 2 0 0 0 0 0 1 0 0
170 1 0 0 0 0 0 0 0 0
171 1 1 1 1 1 1 0 0 0
178 4 1 1 1 0 0 1 0 0
180 5 0 0 1 0 0 1 0 0
186 4 0 0 0 0 0 1 0 0
188 5 1 1 2 0 0 1 0 0
190 4 0 0 0 0 0 2 0 0
195 5 0 0 0 0 0 1 0 0
244 3 0 0 1 0 0 0 0 0
245 3 0 0 1 0 0 0 0 0
261 4 1 1 0 0 0 0 0 0
277 2 0 0 0 0 0 0 0 0
281 2 0 0 0 0 0 1 0 0
282 1 1 1 1 0 0 0 0 0
285 4 0 0 1 0 0 1 0 0
289 2 0 0 0 0 0 0 0 0
293 3 1 1 0 0 0 0 0 0
294 2 0 0 0 0 0 0 0 0
296 1 0 0 0 0 0 0 0 0
297 1 0 0 0 0 0 0 0 0
300 2 0 0 0 0 0 1 0 0
302 1 0 0 0 0 0 1 0 0
305 2 0 0 0 0 0 0 0 0
356 5 1 1 0 0 0 0 0 0
360 3 1 1 1 0 0 0 0 0
369 1 0 0 0 0 0 1 0 0
370 8 0 0 7 0 0 0 0 0
fl=./elf/../sysdeps/x86/dl-cacheinfo.h
fn=get_common_cache_info.constprop.0
571 11 1 1 0 0 0 6 0 0
586 1 0 0 1 0 0 0 0 0
587 1 0 0 1 0 0 0 0 0
588 2 0 0 1 0 0 1 0 0
589 1 1 1 1 0 0 0 0 0
590 2 0 0 1 0 0 1 0 0
596 3 0 0 0 0 0 1 0 0
598 7 1 1 3 0 0 2 0 0
601 2 0 0 0 0 0 0 0 0
613 1 0 0 0 0 0 0 0 0
618 3 1 1 1 0 0 0 0 0
622 2 0 0 0 0 0 0 0 0
627 5 1 1 1 0 0 0 0 0
630 24 2 2 0 0 0 5 0 0
637 8 0 0 0 0 0 0 0 0
640 26 0 0 0 0 0 0 0 0
645 2 1 1 0 0 0 0 0 0
649 3 0 0 0 0 0 0 0 0
650 2 0 0 0 0 0 0 0 0
654 2 0 0 0 0 0 0 0 0
658 3 0 0 0 0 0 0 0 0
661 4 0 0 0 0 0 1 0 0
662 1 0 0 0 0 0 0 0 0
667 4 0 0 0 0 0 0 0 0
673 4 0 0 0 0 0 0 0 0
681 6 0 0 0 0 0 0 0 0
683 2 0 0 0 0 0 0 0 0
685 4 0 0 0 0 0 0 0 0
687 12 1 1 0 0 0 0 0 0
689 1 0 0 0 0 0 0 0 0
690 1 0 0 0 0 0 0 0 0
691 9 0 0 1 0 0 0 0 0
693 4 1 1 0 0 0 0 0 0
696 7 1 1 4 0 0 0 0 0
701 1 0 0 0 0 0 0 0 0
703 4 1 1 0 0 0 0 0 0
704 3 0 0 0 0 0 0 0 0
705 1 0 0 0 0 0 0 0 0
708 2 0 0 0 0 0 0 0 0
711 2 1 1 0 0 0 0 0 0
718 1 0 0 0 0 0 0 0 0
720 4 0 0 0 0 0 0 0 0
721 1 0 0 0 0 0 0 0 0
726 2 0 0 0 0 0 0 0 0
731 2 0 0 0 0 0 0 0 0
732 1 0 0 0 0 0 0 0 0
733 2 0 0 0 0 0 0 0 0
734 1 0 0 0 0 0 0 0 0
759 3 0 0 0 0 0 0 0 0
770 5 0 0 1 0 0 0 0 0
771 5 0 0 0 0 0 1 0 0
775 2 1 1 1 0 0 0 0 0
782 1 0 0 0 0 0 1 0 0
783 2 0 0 1 0 0 1 0 0
784 1 0 0 0 0 0 1 0 0
785 7 0 0 7 0 0 0 0 0
fn=handle_intel.constprop.0
250 108 0 0 0 0 0 72 0 0
255 24 1 1 12 0 0 0 0 0
261 12 0 0 0 0 0 12 0 0
262 12 0 0 0 0 0 12 0 0
267 48 0 0 0 0 0 12 0 0
271 24 0 0 0 0 0 0 0 0
276 24 1 1 0 0 0 0 0 0
279 60 0 0 0 0 0 12 0 0
281 24 0 0 0 0 0 0 0 0
284 60 1 1 0 0 0 12 0 0
286 24 0 0 0 0 0 0 0 0
305 96 0 0 84 0 0 0 0 0
fn=init_cpu_features.constprop.0
792 1 0 0 0 0 0 1 0 0
793 1 0 0 0 0 0 1 0 0
795 1 0 0 0 0 0 1 0 0
809 2 0 0 0 0 0 0 0 0
811 3 1 1 0 0 0 2 0 0
812 3 1 1 0 0 0 1 0 0
813 3 0 0 0 0 0 2 0 0
814 2 0 0 0 0 0 2 0 0
817 3 0 0 0 0 0 2 0 0
819 3 1 1 0 0 0 2 0 0
820 2 0 0 1 0 0 1 0 0
822 3 0 0 0 0 0 2 0 0
824 3 0 0 0 0 0 2 0 0
825 1 0 0 0 0 0 1 0 0
827 3 0 0 0 0 0 2 0 0
829 3 1 1 0 0 0 2 0 0
830 2 0 0 1 0 0 1 0 0
832 3 0 0 0 0 0 2 0 0
834 3 0 0 0 0 0 1 0 0
836 3 1 1 0 0 0 2 0 0
838 5 0 0 1 0 0 1 0 0
894 2 1 1 1 0 0 1 1 1
895 2 0 0 1 0 0 1 0 0
896 2 0 0 1 0 0 1 0 0
897 2 1 1 1 0 0 1 0 0
898 2 0 0 1 0 0 1 0 0
899 2 0 0 1 0 0 1 0 0
900 1 0 0 0 0 0 1 1 1
901 1 0 0 0 0 0 1 0 0
902 1 0 0 0 0 0 1 0 0
903 1 1 1 0 0 0 1 0 0
904 1 0 0 0 0 0 1 0 0
905 1 0 0 0 0 0 1 0 0
907 1 0 0 1 0 0 0 0 0
910 3 0 0 0 0 0 0 0 0
924 3 0 0 1 0 0 0 0 0
925 7 1 1 5 0 0 2 0 0
930 2 0 0 0 0 0 0 0 0
931 6 0 0 2 0 0 0 0 0
932 2 0 0 0 0 0 0 0 0
939 3 0 0 1 0 0 0 0 0
959 6 1 1 0 0 0 0 0 0
968 2 0 0 0 0 0 0 0 0
969 2 0 0 0 0 0 0 0 0
974 12 2 2 0 0 0 0 0 0
987 5 0 0 2 0 0 1 0 0
995 7 1 1 1 0 0 1 0 0
997 2 0 0 0 0 0 0 0 0
1000 5 0 0 1 0 0 1 0 0
1002 2 0 0 0 0 0 0 0 0
1005 5 1 1 1 0 0 1 0 0
1006 5 0 0 0 0 0 1 0 0
1010 6 0 0 1 0 0 2 0 0
1011 3 0 0 1 0 0 0 0 0
1017 7 0 0 1 0 0 3 0 0
1020 11 2 2 2 0 0 5 0 0
1021 10 1 1 2 0 0 5 0 0
1022 13 2 2 2 0 0 6 0 0
1025 10 0 0 1 0 0 5 0 0
1027 10 1 1 1 0 0 5 0 0
1040 4 0 0 3 0 0 0 0 0
1042 2 0 0 1 0 0 1 0 0
1043 2 1 1 1 0 0 1 0 0
1044 1 0 0 0 0 0 1 0 0
1045 1 0 0 0 0 0 1 0 0
1046 1 1 1 0 0 0 1 0 0
1047 1 0 0 0 0 0 1 0 0
fn=intel_check_word.constprop.0
110 648 1 1 324 6 6 0 0 0
113 324 0 0 0 0 0 0 0 0
119 216 0 0 0 0 0 96 0 0
123 48 1 1 0 0 0 0 0 0
125 12 0 0 0 0 0 0 0 0
129 120 1 1 0 0 0 0 0 0
131 144 0 0 0 0 0 0 0 0
133 60 0 0 0 0 0 0 0 0
135 120 0 0 0 0 0 0 0 0
143 120 1 1 0 0 0 0 0 0
152 12 0 0 0 0 0 0 0 0
155 138 1 1 0 0 0 0 0 0
158 99 0 0 0 0 0 0 0 0
162 58 0 0 0 0 0 0 0 0
164 189 1 1 0 0 0 0 0 0
167 120 0 0 0 0 0 0 0 0
168 72 0 0 0 0 0 0 0 0
169 60 0 0 0 0 0 0 0 0
170 48 0 0 0 0 0 0 0 0
172 11 1 1 0 0 0 0 0 0
174 22 0 0 0 0 0 0 0 0
176 12 1 1 0 0 0 0 0 0
177 16 0 0 0 0 0 0 0 0
178 12 0 0 0 0 0 0 0 0
179 20 0 0 0 0 0 0 0 0
180 14 1 1 0 0 0 0 0 0
181 12 0 0 0 0 0 0 0 0
183 8 0 0 0 0 0 0 0 0
184 12 0 0 0 0 0 0 0 0
187 21 0 0 0 0 0 0 0 0
190 2 0 0 0 0 0 0 0 0
194 192 0 0 0 0 0 0 0 0
202 168 1 1 48 0 0 0 0 0
216 48 0 0 0 0 0 0 0 0
246 144 0 0 120 0 0 0 0 0
fl=./elf/../sysdeps/x86/dl-get-cpu-features.c
fn=__x86_cpu_features
39 3 0 0 1 0 0 0 0 0
71 3 1 1 1 0 0 0 0 0
fn=_dl_x86_init_cpu_features
37 1 1 1 0 0 0 0 0 0
39 3 0 0 1 0 0 0 0 0
41 1 0 0 0 0 0 0 0 0
fl=./elf/../sysdeps/x86/dl-isa-level.h
fn=_dl_load_cache_lookup
28 24 0 0 8 0 0 8 0 0
fl=./elf/../sysdeps/x86/dl-procinfo.h
fn=_dl_load_cache_lookup
39 8 1 1 0 0 0 0 0 0
42 28 0 0 0 0 0 8 0 0
fl=./elf/../sysdeps/x86/dl-prop.h
fn=_dl_map_object_from_fd
149 20 0 0 10 0 0 0 0 0
fn=_dl_process_pt_gnu_property
95 36 2 1 0 0 0 0 0 0
102 18 0 0 0 0 0 0 0 0
115 18 0 0 0 0 0 0 0 0
118 9 0 0 9 2 2 0 0 0
252 6 1 1 0 0 0 0 0 0
253 3 0 0 0 0 0 3 0 0
254 12 0 0 0 0 0 0 0 0
255 6 0 0 0 0 0 6 0 0
257 36 0 0 9 0 0 9 0 0
258 3 0 0 3 0 0 0 0 0
260 9 0 0 3 0 0 0 0 0
fn=dl_main
36 2 0 0 2 0 0 0 0 0
37 24 1 1 0 0 0 0 0 0
40 10 0 0 10 0 0 0 0 0
49 40 1 1 13 0 0 0 0 0
53 33 0 0 7 0 0 0 0 0
71 2 0 0 1 0 0 1 0 0
149 4 0 0 2 0 0 0 0 0
235 4 1 1 4 0 0 0 0 0
236 2 0 0 2 0 0 0 0 0
fl=./elf/../sysdeps/x86/get-isa-level.h
fn=_dl_hwcaps_subdirs_active
30 4 0 0 0 0 0 0 0 0
31 1 0 0 1 0 0 0 0 0
32 3 0 0 1 0 0 0 0 0
36 3 0 0 0 0 0 0 0 0
39 4 1 1 1 0 0 0 0 0
40 4 0 0 1 0 0 0 0 0
45 4 0 0 0 0 0 0 0 0
48 2 0 0 0 0 0 0 0 0
51 5 0 0 1 0 0 0 0 0
53 4 1 1 0 0 0 0 0 0
54 2 0 0 0 0 0 0 0 0
55 2 0 0 0 0 0 0 0 0
58 4 0 0 0 0 0 0 0 0
fn=update_active.constprop.0
28 1 0 0 0 0 0 0 0 0
30 4 0 0 0 0 0 0 0 0
31 1 0 0 1 0 0 0 0 0
32 3 0 0 0 0 0 0 0 0
36 3 0 0 0 0 0 0 0 0
38 1 0 0 0 0 0 0 0 0
39 2 1 1 0 0 0 0 0 0
40 4 1 1 1 0 0 0 0 0
45 4 0 0 0 0 0 0 0 0
47 1 0 0 0 0 0 0 0 0
48 2 0 0 0 0 0 0 0 0
51 5 1 1 1 0 0 0 0 0
53 4 0 0 0 0 0 0 0 0
54 2 0 0 0 0 0 0 0 0
55 2 0 0 0 0 0 0 0 0
57 1 0 0 0 0 0 0 0 0
58 4 0 0 0 0 0 0 0 0
fl=./elf/../sysdeps/x86_64/dl-cet.c
fn=_dl_cet_check
145 2 0 0 1 0 0 0 0 0
157 2 0 0 1 0 0 0 0 0
173 1 1 1 0 0 0 0 0 0
179 1 0 0 0 0 0 1 0 0
275 2 0 0 0 0 0 0 0 0
276 1 0 0 0 0 0 1 0 0
277 2 0 0 1 0 0 0 0 0
282 4 0 0 1 0 0 1 0 0
283 3 0 0 0 0 0 1 0 0
285 2 0 0 1 0 0 1 0 0
293 5 1 1 1 0 0 0 0 0
296 1 0 0 0 0 0 1 0 0
300 2 0 0 0 0 0 0 0 0
301 1 0 0 0 0 0 1 0 0
302 2 0 0 0 0 0 0 0 0
303 2 1 1 0 0 0 0 0 0
304 2 0 0 0 0 0 1 0 0
305 2 0 0 0 0 0 0 0 0
308 1 0 0 0 0 0 1 0 0
310 1 0 0 0 0 0 1 0 0
313 2 0 0 0 0 0 0 0 0
361 8 1 1 0 0 0 4 0 0
363 6 0 0 5 0 0 0 0 0
fn=_dl_cet_setup_features
331 1 1 1 0 0 0 0 0 0
334 2 0 0 0 0 0 0 0 0
350 1 0 0 1 0 0 0 0 0
fl=./elf/../sysdeps/x86_64/dl-hwcaps-subdirs.c
fn=_dl_hwcaps_subdirs_active
29 1 1 1 0 0 0 0 0 0
38 3 0 0 0 0 0 0 0 0
43 1 0 0 0 0 0 0 0 0
48 1 0 0 0 0 0 0 0 0
52 1 0 0 1 0 0 0 0 0
fl=./elf/../sysdeps/x86_64/dl-machine.h
fn=_dl_fixup
234 64 0 0 0 0 0 64 0 0
fn=_dl_relocate_object
81 30 0 0 4 0 0 0 0 0
87 8 1 1 6 2 0 0 0 0
91 6 0 0 2 2 2 0 0 0
97 2 0 0 0 0 0 2 0 0
108 6 0 0 2 0 0 0 0 0
129 4 0 0 2 0 0 0 0 0
132 4 0 0 0 0 0 2 0 0
134 8 0 0 2 1 0 0 0 0
267 7034 2 2 0 0 0 0 0 0
274 7034 0 0 0 0 0 0 0 0
278 7034 0 0 0 0 0 0 0 0
287 28515 3 3 10707 1 1 0 0 0
290 7053 1 1 3484 0 0 0 0 0
291 136 0 0 0 0 0 0 0 0
292 14004 0 0 0 0 0 0 0 0
295 12 1 1 0 0 0 0 0 0
296 18 0 0 6 0 0 0 0 0
307 12 1 1 0 0 0 12 0 0
314 30 1 1 12 0 0 6 0 0
317 21102 1 1 3517 4 3 0 0 0
320 98 0 0 0 0 0 98 0 0
323 98 0 0 0 0 0 0 0 0
346 8 1 1 0 0 0 0 0 0
347 12 0 0 8 3 0 4 3 2
352 6 0 0 2 0 0 0 0 0
354 4 0 0 4 0 0 0 0 0
363 4 0 0 2 0 0 2 0 0
393 35 1 1 0 0 0 21 0 0
400 51 1 1 17 0 0 0 0 0
402 68 0 0 17 0 0 0 0 0
406 51 1 1 34 3 3 0 0 0
415 34 0 0 17 0 0 17 5 5
423 9779 1 1 6285 355 355 3494 1096 447
436 7 0 0 0 0 0 4 0 0
476 136 1 1 136 0 0 0 0 0
478 68 0 0 0 0 0 68 0 0
479 68 0 0 0 0 0 68 3 1
498 3210 0 0 1070 133 133 0 0 0
499 1070 0 0 0 0 0 1070 289 283
503 2140 0 0 0 0 0 0 0 0
504 2140 0 0 1070 134 134 0 0 0
514 2224 0 0 1112 0 0 0 0 0
518 2224 0 0 0 0 0 0 0 0
521 3336 0 0 1112 0 0 0 0 0
522 1112 0 0 1112 139 139 0 0 0
730 14 0 0 0 0 0 0 0 0
734 8 1 1 4 2 0 0 0 0
fn=_dl_start
55 1 0 0 0 0 0 0 0 0
278 9 0 0 0 0 0 0 0 0
287 27 0 0 9 3 3 1 1 1
290 6 0 0 3 0 0 0 0 0
291 12 0 0 0 0 0 0 0 0
317 8 0 0 0 0 0 0 0 0
323 2 0 0 0 0 0 2 1 1
fn=_dl_sysdep_start
220 1 0 0 0 0 0 1 0 0
fl=./elf/../sysdeps/x86_64/dl-runtime.h
fn=_dl_fixup
28 64 0 0 0 0 0 0 0 0
fl=./elf/../sysdeps/x86_64/dl-trampoline.h
fn=_dl_runtime_resolve_xsave
71 64 2 1 0 0 0 0 0 0
76 64 0 0 0 0 0 64 0 0
79 64 0 0 0 0 0 0 0 0
81 64 0 0 0 0 0 0 0 0
91 64 0 0 64 2 0 0 0 0
97 64 0 0 0 0 0 64 1 0
98 64 0 0 0 0 0 64 0 0
99 64 2 1 0 0 0 64 0 0
100 64 0 0 0 0 0 64 0 0
101 64 0 0 0 0 0 64 0 0
102 64 0 0 0 0 0 64 0 0
103 64 0 0 0 0 0 64 0 0
107 64 0 0 0 0 0 0 0 0
108 64 0 0 0 0 0 0 0 0
111 64 0 0 0 0 0 64 3 0
112 64 0 0 0 0 0 64 0 0
114 64 0 0 0 0 0 64 0 0
115 64 0 0 0 0 0 64 0 0
116 64 2 1 0 0 0 64 0 0
117 64 0 0 0 0 0 64 0 0
118 64 0 0 0 0 0 64 0 0
119 64 0 0 0 0 0 64 0 0
121 64 0 0 64 0 0 2112 15 1
128 64 0 0 64 0 0 0 0 0
129 64 0 0 64 0 0 0 0 0
130 64 0 0 0 0 0 64 1 0
131 64 0 0 0 0 0 0 0 0
136 64 0 0 0 0 0 0 0 0
137 64 0 0 0 0 0 0 0 0
138 64 0 0 2304 0 0 0 0 0
140 64 2 1 64 0 0 0 0 0
141 64 0 0 64 0 0 0 0 0
142 64 0 0 64 0 0 0 0 0
143 64 0 0 64 0 0 0 0 0
144 64 0 0 64 0 0 0 0 0
145 64 0 0 64 0 0 0 0 0
146 64 0 0 64 0 0 0 0 0
148 64 0 0 0 0 0 0 0 0
150 64 0 0 64 0 0 0 0 0
154 64 0 0 0 0 0 0 0 0
156 64 0 0 0 0 0 0 0 0
fl=./elf/../sysdeps/x86_64/tls_get_addr.S
fn=__tls_get_addr
29 2 1 1 0 0 0 0 0 0
30 2 0 0 2 0 0 0 0 0
31 2 0 0 2 1 0 0 0 0
33 2 0 0 2 1 0 0 0 0
34 2 0 0 0 0 0 0 0 0
35 2 0 0 2 1 0 0 0 0
38 2 0 0 0 0 0 0 0 0
39 2 1 1 2 1 0 0 0 0
43 2 0 0 0 0 0 0 0 0
44 2 0 0 0 0 0 0 0 0
45 2 0 0 2 0 0 0 0 0
46 2 0 0 2 0 0 0 0 0
fl=./elf/./dl-find_object.h
fn=_dl_find_object_from_map
95 14 1 1 7 3 0 7 2 0
96 14 1 1 7 0 0 7 0 0
97 7 0 0 0 0 0 7 3 3
103 35 0 0 14 6 0 0 0 0
104 206 0 0 0 0 0 0 0 0
105 142 1 1 71 60 8 0 0 0
107 21 0 0 14 2 0 7 0 0
112 7 0 0 7 0 0 0 0 0
fl=./elf/./dl-hwcaps.h
fn=_dl_important_hwcaps
43 9 1 1 0 0 0 6 0 0
45 7 0 0 0 0 0 6 0 0
46 1 0 0 0 0 0 0 0 0
77 8 0 0 3 0 0 5 0 0
78 8 1 1 3 0 0 5 0 0
79 7 2 2 0 0 0 2 0 0
fl=./elf/./dl-load.h
fn=_dl_map_object_from_fd
91 40 0 0 20 0 0 0 0 0
92 16 1 1 8 0 0 0 0 0
93 20 1 1 4 0 0 0 0 0
94 16 0 0 4 0 0 0 0 0
96 16 0 0 0 0 0 4 0 0
fl=./elf/./dl-main.h
fn=dl_main
109 5 1 1 4 0 0 1 0 0
fl=./elf/./dl-map-segments.h
fn=_dl_map_object_from_fd
28 15 0 0 5 0 0 0 0 0
29 45 1 1 15 0 0 10 3 3
81 5 0 0 5 0 0 0 0 0
101 5 0 0 0 0 0 5 0 0
102 15 0 0 5 0 0 0 0 0
105 15 0 0 5 0 0 5 0 0
106 10 0 0 0 0 0 5 0 0
108 10 1 1 5 0 0 0 0 0
125 5 1 1 5 0 0 0 0 0
135 120 1 1 20 0 0 0 0 0
137 60 0 0 30 0 0 0 0 0
139 150 0 0 60 0 0 15 0 0
149 80 0 0 40 0 0 0 0 0
155 10 1 1 5 0 0 0 0 0
156 5 0 0 0 0 0 0 0 0
157 15 0 0 5 0 0 0 0 0
158 10 0 0 0 0 0 0 0 0
160 10 0 0 0 0 0 0 0 0
165 10 0 0 0 0 0 0 0 0
168 15 0 0 5 0 0 0 0 0
176 35 0 0 5 0 0 10 0 0
182 10 0 0 0 0 0 0 0 0
186 16 2 2 2 0 0 2 0 0
189 4 0 0 0 0 0 0 0 0
194 20 1 1 0 0 0 0 0 0
fl=./elf/./dl-sym-post.h
fn=lookup_malloc_symbol
41 8 0 0 0 0 0 0 0 0
53 12 0 0 4 0 0 0 0 0
fl=./elf/./dl-tunable-types.h
fn=__GI___tunable_set_val
84 5 0 0 0 0 0 0 0 0
fl=./elf/./elf/dl-audit.c
fn=_dl_audit_activity_map
29 7 1 1 0 0 0 5 0 0
30 1 0 0 1 0 0 0 0 0
31 3 0 0 1 0 0 0 0 0
37 6 1 1 6 0 0 0 0 0
fn=_dl_audit_activity_nsid
41 3 2 1 0 0 0 0 0 0
45 12 0 0 3 0 0 0 0 0
46 3 0 0 3 1 0 0 0 0
47 15 2 1 3 0 0 0 0 0
fn=_dl_audit_objclose
97 7 1 1 0 0 0 0 0 0
98 28 0 0 14 0 0 0 0 0
fn=_dl_audit_objopen
77 5 1 1 0 0 0 0 0 0
78 20 0 0 10 0 0 0 0 0
fn=_dl_audit_preinit
118 1 1 1 0 0 0 0 0 0
119 4 0 0 2 1 0 0 0 0
fl=./elf/./elf/dl-cache.c
fn=_dl_cache_libcmp
357 82 1 1 0 0 0 0 0 0
358 533 1 1 41 0 0 0 0 0
360 717 0 0 0 0 0 0 0 0
362 253 1 1 0 0 0 0 0 0
368 28 0 0 0 0 0 0 0 0
369 21 0 0 0 0 0 0 0 0
370 226 0 0 205 0 0 0 0 0
372 226 0 0 205 1 1 0 0 0
374 14 0 0 0 0 0 0 0 0
380 464 0 0 0 0 0 0 0 0
382 464 0 0 0 0 0 0 0 0
383 102 1 1 34 0 0 0 0 0
386 198 0 0 0 0 0 0 0 0
387 198 0 0 0 0 0 0 0 0
390 62 0 0 48 31 31 0 0 0
fn=_dl_load_cache_lookup
191 68 0 0 0 0 0 0 0 0
205 4 0 0 4 0 0 0 0 0
208 32 2 2 4 0 0 12 0 0
210 40 0 0 12 0 0 12 0 0
211 8 1 1 0 0 0 0 0 0
213 20 0 0 0 0 0 4 0 0
220 80 0 0 4 0 0 0 0 0
222 210 1 1 8 0 0 12 0 0
223 68 0 0 34 27 27 0 0 0
227 102 1 1 34 0 0 0 0 0
231 102 0 0 34 0 0 34 0 0
232 68 0 0 0 0 0 0 0 0
240 22 0 0 0 0 0 0 0 0
242 14 0 0 7 1 1 0 0 0
245 14 0 0 0 0 0 0 0 0
247 42 0 0 0 0 0 7 0 0
249 7 0 0 0 0 0 0 0 0
259 8 0 0 4 0 0 0 0 0
269 12 1 1 8 0 0 0 0 0
270 16 0 0 4 0 0 0 0 0
286 28 1 1 0 0 0 0 0 0
295 8 0 0 4 0 0 0 0 0
298 8 0 0 4 0 0 0 0 0
301 4 0 0 0 0 0 0 0 0
302 12 1 1 4 0 0 0 0 0
330 8 0 0 0 0 0 4 0 0
346 30 0 0 0 0 0 0 0 0
347 14 1 1 0 0 0 0 0 0
349 16 0 0 0 0 0 0 0 0
403 40 1 1 0 0 0 28 1 1
405 8 0 0 4 0 0 0 0 0
408 12 1 1 4 0 0 0 0 0
411 5 1 1 0 0 0 1 0 0
419 5 1 1 1 0 0 0 0 0
420 8 1 1 3 1 1 0 0 0
423 6 1 1 0 0 0 0 0 0
424 1 0 0 1 0 0 0 0 0
431 1 1 1 0 0 0 1 0 0
432 2 0 0 0 0 0 1 0 0
477 9 0 0 3 0 0 0 0 0
482 12 0 0 4 0 0 0 0 0
485 12 0 0 4 0 0 4 0 0
500 8 0 0 4 0 0 0 0 0
512 12 0 0 4 0 0 4 0 0
513 60 1 1 4 0 0 0 0 0
514 16 1 1 4 0 0 4 0 0
515 4 0 0 0 0 0 4 0 0
516 32 0 0 28 0 0 0 0 0
fn=_dl_unload_cache
525 3 1 1 0 0 0 1 0 0
526 4 0 0 1 1 0 0 0 0
528 2 0 0 1 0 0 1 0 0
529 1 0 0 0 0 0 1 0 0
533 1 0 0 0 0 0 1 0 0
535 2 1 1 2 0 0 0 0 0
fl=./elf/./elf/dl-call-libc-early-init.c
fn=_dl_call_libc_early_init
27 7 1 1 0 0 0 3 0 0
29 2 0 0 0 0 0 0 0 0
33 5 0 0 0 0 0 1 0 0
37 2 0 0 0 0 0 0 0 0
39 4 1 1 3 0 0 0 0 0
40 2 0 0 0 0 0 0 0 0
41 3 0 0 3 0 0 0 0 0
fl=./elf/./elf/dl-call_fini.c
fn=_dl_call_fini
24 56 1 1 0 0 0 28 0 0
28 14 0 0 7 0 0 0 0 0
32 7 1 1 7 0 0 0 0 0
34 7 0 0 7 7 0 0 0 0
35 14 0 0 0 0 0 0 0 0
38 10 0 0 10 5 0 0 0 0
39 15 0 0 10 1 0 0 0 0
42 44 0 0 0 0 0 0 0 0
43 6 0 0 6 5 0 6 0 0
47 7 1 1 7 7 0 0 0 0
48 14 0 0 0 0 0 0 0 0
49 15 0 0 10 4 0 0 0 0
50 37 0 0 30 0 0 0 0 0
fl=./elf/./elf/dl-catch.c
fn=_dl_catch_error
254 12 1 1 0 0 0 4 0 0
256 2 0 0 0 0 0 1 0 0
257 2 0 0 1 0 0 1 0 0
258 2 0 0 1 0 0 1 0 0
259 2 0 0 1 0 0 1 0 0
261 6 1 1 5 0 0 0 0 0
fn=_dl_catch_exception
58 42 0 0 14 1 1 0 0 0
59 28 1 1 14 0 0 14 0 0
69 28 0 0 14 0 0 0 0 0
70 70 0 0 14 0 0 28 0 0
204 112 1 1 0 0 0 70 2 2
207 28 0 0 0 0 0 0 0 0
214 14 0 0 0 0 0 0 0 0
228 14 1 1 0 0 0 14 0 0
229 28 0 0 0 0 0 14 0 0
235 84 1 1 0 0 0 14 1 1
237 42 0 0 28 0 0 14 0 0
239 56 0 0 14 0 0 28 0 0
248 42 0 0 42 0 0 0 0 0
fn=_dl_receive_error
58 2 1 1 1 0 0 0 0 0
59 1 0 0 1 0 0 0 0 0
69 2 0 0 1 0 0 0 0 0
70 2 0 0 0 0 0 2 0 0
186 7 1 1 0 0 0 3 0 0
188 1 0 0 1 0 0 0 0 0
192 1 0 0 0 0 0 1 0 0
194 1 0 0 0 0 0 1 0 0
197 1 0 0 0 0 0 1 0 0
198 4 0 0 4 0 0 0 0 0
fl=./elf/./elf/dl-debug.c
fn=_dl_debug_initialize
56 3 1 1 0 0 0 0 0 0
57 1 1 1 0 0 0 0 0 0
59 2 0 0 0 0 0 0 0 0
61 2 0 0 0 0 0 0 0 0
63 3 0 0 1 1 1 0 0 0
64 1 0 0 0 0 0 1 0 0
85 3 0 0 1 0 0 0 0 0
90 3 1 1 1 1 1 1 0 0
91 2 0 0 0 0 0 1 0 0
92 1 0 0 0 0 0 1 0 0
95 3 0 0 2 0 0 0 0 0
96 6 1 1 1 0 0 1 0 0
99 2 0 0 0 0 0 0 0 0
107 2 0 0 1 0 0 0 0 0
fn=_dl_debug_state
116 2 1 1 0 0 0 0 0 0
117 2 0 0 2 0 0 0 0 0
fn=_dl_debug_update
38 6 0 0 0 0 0 0 0 0
40 12 0 0 0 0 0 0 0 0
41 6 0 0 0 0 0 0 0 0
44 12 1 1 6 1 0 0 0 0
48 6 0 0 6 0 0 0 0 0
fl=./elf/./elf/dl-deps.c
fn=_dl_map_object_deps
128 3 0 0 0 0 0 2 1 1
129 5 1 1 0 0 0 2 0 0
130 6 0 0 0 0 0 1 0 0
132 3 0 0 0 0 0 1 0 0
136 8 1 1 2 0 0 2 0 0
143 13 1 1 0 0 0 8 2 2
144 20 2 2 1 1 1 0 0 0
160 9 1 1 0 0 0 0 0 0
161 1 0 0 1 0 0 0 0 0
164 1 1 1 0 0 0 1 0 0
182 1 0 0 1 0 0 0 0 0
183 6 0 0 4 0 0 0 0 0
184 1 0 0 0 0 0 1 0 0
188 15 0 0 7 0 0 1 0 0
190 27 1 1 0 0 0 15 0 0
193 7 0 0 0 0 0 7 0 0
197 21 1 1 7 1 0 0 0 0
198 46 1 1 20 0 0 0 0 0
201 20 0 0 5 0 0 0 0 0
205 10 0 0 5 0 0 0 0 0
208 22 0 0 11 1 1 0 0 0
210 20 1 1 15 0 0 0 0 0
215 5 1 1 0 0 0 5 1 1
216 5 0 0 0 0 0 5 0 0
217 10 0 0 5 0 0 5 0 0
218 10 0 0 5 0 0 5 0 0
219 5 0 0 0 0 0 5 0 0
221 635 0 0 170 0 0 0 0 0
222 300 0 0 0 0 0 0 0 0
228 122 1 1 26 0 0 17 0 0
230 13 0 0 0 0 0 13 0 0
232 52 1 1 0 0 0 13 0 0
233 26 0 0 13 0 0 0 0 0
242 13 0 0 13 0 0 0 0 0
244 26 1 1 13 0 0 0 0 0
249 35 1 1 5 0 0 0 0 0
252 5 0 0 0 0 0 5 0 0
253 5 0 0 0 0 0 5 0 0
254 5 0 0 0 0 0 5 0 0
255 10 0 0 5 0 0 5 0 0
256 5 0 0 0 0 0 5 0 0
257 5 0 0 5 0 0 0 0 0
259 20 0 0 5 0 0 5 0 0
263 39 0 0 13 0 0 0 0 0
264 27 0 0 0 0 0 9 0 0
266 411 1 1 0 0 0 0 0 0
417 14 1 1 0 0 0 0 0 0
419 25 0 0 0 0 0 15 0 0
422 10 0 0 0 0 0 0 0 0
423 20 1 1 10 0 0 0 0 0
429 5 0 0 0 0 0 5 0 0
430 25 0 0 0 0 0 10 0 0
431 25 0 0 0 0 0 5 0 0
434 5 0 0 0 0 0 5 0 0
435 10 0 0 10 0 0 0 0 0
439 21 1 1 7 0 0 0 0 0
441 7 0 0 7 0 0 0 0 0
442 32 0 0 6 0 0 0 0 0
448 5 1 1 1 0 0 0 0 0
449 1 0 0 0 0 0 1 0 0
452 4 0 0 1 0 0 1 0 0
463 5 1 1 1 0 0 2 0 0
465 4 0 0 2 0 0 0 0 0
470 5 1 1 2 0 0 1 0 0
471 1 0 0 0 0 0 1 0 0
472 2 0 0 0 0 0 0 0 0
474 25 0 0 7 0 0 0 0 0
478 7 1 1 7 0 0 0 0 0
483 14 0 0 0 0 0 0 0 0
485 21 0 0 0 0 0 7 1 1
490 7 0 0 7 0 0 0 0 0
494 2 1 1 0 0 0 0 0 0
495 3 0 0 1 0 0 0 0 0
532 2 1 1 0 0 0 0 0 0
533 2 0 0 0 0 0 0 0 0
547 9 1 1 2 0 0 3 0 0
552 9 1 1 1 0 0 2 0 0
553 5 1 1 2 0 0 1 0 0
557 1 0 0 0 0 0 1 0 0
559 2 0 0 1 0 0 1 0 0
560 1 0 0 1 0 0 0 0 0
561 3 0 0 1 0 0 0 0 0
568 3 1 1 1 0 0 0 0 0
571 2 0 0 0 0 0 0 0 0
574 8 0 0 7 0 0 0 0 0
fn=openaux
61 78 0 0 0 0 0 26 0 0
64 143 0 0 52 0 0 26 0 0
65 13 0 0 13 0 0 0 0 0
68 13 1 1 13 0 0 0 0 0
69 39 0 0 39 0 0 0 0 0
fl=./elf/./elf/dl-environ.c
fn=_dl_next_ld_env_entry
28 3 1 1 0 0 0 0 0 0
29 3 0 0 3 0 0 0 0 0
32 88 0 0 30 0 0 0 0 0
34 56 0 0 28 0 0 0 0 0
35 12 0 0 6 0 0 0 0 0
37 2 0 0 0 0 0 0 0 0
40 4 0 0 0 0 0 2 0 0
42 2 0 0 2 0 0 0 0 0
45 26 0 0 0 0 0 0 0 0
fl=./elf/./elf/dl-find_object.c
fn=_dl_find_object_init
561 5 1 1 0 0 0 3 0 0
564 1 0 0 1 1 0 0 0 0
566 2 0 0 1 0 0 0 0 0
567 3 1 1 0 0 0 1 0 0
579 2 1 1 0 0 0 1 0 0
580 3 0 0 1 0 0 1 0 0
582 2 0 0 0 0 0 0 0 0
585 2 0 0 0 0 0 0 0 0
590 1 1 1 0 0 0 1 0 0
591 1 0 0 0 0 0 1 0 0
594 3 0 0 1 0 0 0 0 0
596 2 1 1 0 0 0 1 0 0
599 6 1 1 3 0 0 1 0 0
601 1 0 0 0 0 0 0 0 0
604 4 0 0 4 0 0 0 0 0
fn=_dlfo_process_initial
474 8 0 0 0 0 0 4 0 0
475 2 0 0 2 0 0 0 0 0
477 2 0 0 0 0 0 0 0 0
478 4 1 1 2 0 0 0 0 0
504 24 1 1 4 1 0 0 0 0
505 34 0 0 2 0 0 0 0 0
506 14 0 0 14 0 0 0 0 0
508 52 1 1 12 1 0 0 0 0
511 48 0 0 12 1 0 0 0 0
513 36 1 1 12 1 1 0 0 0
515 12 0 0 0 0 0 6 0 0
516 12 0 0 0 0 0 0 0 0
517 24 0 0 0 0 0 0 0 0
529 2 0 0 0 0 0 2 0 0
531 8 0 0 6 0 0 0 0 0
fn=_dlfo_sort_mappings
536 1 1 1 0 0 0 0 0 0
537 2 0 0 0 0 0 0 0 0
540 24 1 1 5 0 0 0 0 0
544 10 0 0 5 0 0 0 0 0
545 70 1 1 0 0 0 0 0 0
546 75 0 0 15 0 0 0 0 0
548 5 0 0 0 0 0 0 0 0
549 5 0 0 0 0 0 0 0 0
553 20 0 0 10 0 0 0 0 0
554 25 0 0 10 0 0 10 0 0
555 10 0 0 0 0 0 10 0 0
557 1 0 0 1 0 0 0 0 0
fl=./elf/./elf/dl-fini.c
fn=_dl_fini
26 11 1 1 0 0 0 7 1 0
43 1 0 0 0 0 0 0 0 0
46 13 1 1 1 1 0 0 0 0
49 2 0 0 1 1 0 1 1 0
51 1 1 1 1 1 0 0 0 0
54 2 0 0 0 0 0 0 0 0
56 5 0 0 2 1 0 0 0 0
61 1 0 0 0 0 0 1 0 0
63 4 0 0 0 0 0 2 0 0
68 18 3 3 2 0 0 0 0 0
73 25 0 0 8 1 0 0 0 0
75 14 0 0 7 7 0 0 0 0
77 14 0 0 0 0 0 0 0 0
79 14 0 0 0 0 0 7 0 0
80 7 0 0 0 0 0 7 7 0
81 7 0 0 0 0 0 0 0 0
85 7 1 1 7 6 0 0 0 0
87 6 0 0 0 0 0 0 0 0
88 6 0 0 0 0 0 0 0 0
94 6 1 1 0 0 0 2 1 0
103 2 0 0 1 0 0 1 0 0
108 41 1 1 15 0 0 0 0 0
110 7 0 0 7 0 0 0 0 0
112 14 0 0 7 0 0 0 0 0
114 28 1 1 0 0 0 21 0 0
117 14 0 0 0 0 0 7 0 0
122 7 0 0 7 0 0 0 0 0
126 5 0 0 1 0 0 1 0 0
132 6 0 0 2 0 0 1 0 0
134 1 0 0 0 0 0 0 0 0
138 2 0 0 1 0 0 0 0 0
145 8 0 0 7 0 0 0 0 0
fl=./elf/./elf/dl-hwcaps.c
fn=_dl_important_hwcaps
52 16 1 1 0 0 0 4 0 0
54 2 0 0 0 0 0 0 0 0
55 4 0 0 2 0 0 0 0 0
56 2 0 0 0 0 0 0 0 0
57 2 0 0 0 0 0 0 0 0
77 16 2 2 0 0 0 4 0 0
80 16 0 0 4 0 0 6 1 1
84 2 0 0 0 0 0 2 0 0
86 6 0 0 2 0 0 2 0 0
87 2 0 0 0 0 0 0 0 0
88 2 0 0 0 0 0 0 0 0
100 5 0 0 0 0 0 3 1 1
102 3 1 1 1 0 0 0 0 0
105 1 0 0 0 0 0 1 0 0
108 1 0 0 0 0 0 0 0 0
112 5 1 1 0 0 0 2 0 0
125 12 0 0 0 0 0 3 0 0
127 10 0 0 4 0 0 2 1 1
128 4 0 0 2 0 0 2 0 0
129 4 0 0 0 0 0 2 0 0
130 2 0 0 0 0 0 0 0 0
133 3 1 1 1 0 0 0 0 0
142 13 0 0 7 0 0 1 0 0
143 11 0 0 0 0 0 1 0 0
145 8 1 1 1 0 0 5 0 0
151 5 1 1 2 0 0 0 0 0
155 4 1 1 2 0 0 1 0 0
156 3 0 0 1 0 0 0 0 0
157 3 0 0 0 0 0 0 0 0
161 1 0 0 1 0 0 0 0 0
162 2 0 0 1 0 0 1 0 0
163 2 0 0 0 0 0 2 0 0
172 14 2 2 0 0 0 9 2 2
174 2 0 0 0 0 0 2 1 1
175 3 0 0 0 0 0 0 0 0
185 2 1 1 0 0 0 1 0 0
186 3 0 0 0 0 0 0 0 0
189 3 0 0 1 0 0 1 1 1
193 2 0 0 1 0 0 0 0 0
194 2 0 0 0 0 0 0 0 0
201 1 0 0 0 0 0 0 0 0
202 5 0 0 2 0 0 1 0 0
208 2 0 0 1 0 0 1 0 0
209 1 0 0 0 0 0 1 0 0
213 3 1 1 2 0 0 1 0 0
216 9 0 0 7 0 0 0 0 0
fl=./elf/./elf/dl-hwcaps_split.c
fn=_dl_hwcaps_split
25 5 1 1 0 0 0 3 0 0
26 3 0 0 1 0 0 0 0 0
27 1 0 0 0 0 0 0 0 0
47 4 1 1 4 0 0 0 0 0
fn=_dl_hwcaps_split_masked
26 44 1 1 11 0 0 0 0 0
30 24 1 1 12 0 0 12 0 0
34 78 1 1 18 1 1 0 0 0
35 12 0 0 0 0 0 6 0 0
36 24 0 0 0 0 0 0 0 0
41 36 0 0 0 0 0 9 0 0
42 18 0 0 0 0 0 0 0 0
43 12 1 1 0 0 0 3 0 0
45 6 0 0 0 0 0 0 0 0
51 110 1 1 0 0 0 66 1 1
55 5 0 0 0 0 0 0 0 0
56 18 0 0 9 0 0 9 0 0
57 27 0 0 0 0 0 9 0 0
58 24 0 0 6 0 0 0 0 0
60 6 0 0 0 0 0 0 0 0
62 88 1 1 77 0 0 0 0 0
67 12 0 0 0 0 0 0 0 0
fl=./elf/./elf/dl-init.c
fn=_dl_init
29 16 1 1 8 0 0 0 0 0
35 40 1 1 8 0 0 0 0 0
37 41 1 1 1 0 0 2 0 0
81 13 1 1 0 0 0 6 0 0
82 1 0 0 1 1 0 0 0 0
83 1 0 0 1 0 0 0 0 0
86 3 0 0 1 0 0 0 0 0
89 2 0 0 0 0 0 1 0 0
94 4 1 1 0 0 0 0 0 0
119 1 0 0 1 0 0 0 0 0
120 32 1 0 0 0 0 6 0 0
121 14 1 0 14 4 0 0 0 0
127 8 0 0 7 0 0 0 0 0
fn=call_init.part.0
26 84 4 2 0 0 0 42 1 0
43 21 0 0 7 0 0 7 0 0
46 21 0 0 14 8 0 0 0 0
47 2 1 1 0 0 0 0 0 0
51 12 0 0 6 0 0 0 0 0
59 18 1 1 6 6 0 0 0 0
60 24 0 0 8 4 0 4 0 0
63 6 0 0 6 5 0 0 0 0
64 12 0 0 0 0 0 0 0 0
70 15 0 0 10 4 0 0 0 0
72 10 0 0 10 0 0 0 0 0
73 117 2 1 0 0 0 0 0 0
74 92 0 0 23 6 0 23 0 0
76 56 0 0 49 1 0 0 0 0
fl=./elf/./elf/dl-load.c
fn=_dl_dst_count
238 117 1 1 0 0 0 78 1 1
241 26 0 0 0 0 0 13 0 0
244 26 0 0 0 0 0 0 0 0
245 13 0 0 0 0 0 0 0 0
264 117 1 1 91 0 0 0 0 0
fn=_dl_init_paths
706 13 2 2 0 0 0 8 0 0
720 4 0 0 0 0 0 2 1 1
725 1 0 0 0 0 0 1 0 0
727 3 1 1 0 0 0 0 0 0
734 3 0 0 0 0 0 0 0 0
735 2 0 0 1 0 0 0 0 0
739 4 0 0 0 0 0 1 1 1
741 4 1 1 2 0 0 0 0 0
747 1 0 0 0 0 0 1 0 0
748 1 0 0 0 0 0 1 0 0
756 8 1 1 0 0 0 4 0 0
758 8 0 0 0 0 0 4 2 2
759 4 0 0 0 0 0 4 0 0
761 5 0 0 0 0 0 4 1 1
762 7 0 0 3 1 1 4 1 1
763 4 0 0 0 0 0 0 0 0
766 13 0 0 3 1 1 0 0 0
767 10 1 1 1 0 0 1 0 0
768 18 0 0 4 0 0 5 0 0
770 32 2 2 6 0 0 5 0 0
776 1 0 0 0 0 0 1 0 0
777 1 0 0 0 0 0 1 0 0
782 1 0 0 1 0 0 0 0 0
785 3 0 0 0 0 0 0 0 0
787 4 1 1 1 0 0 0 0 0
789 3 0 0 1 0 0 0 0 0
806 1 0 0 0 0 0 1 0 0
808 3 1 1 1 0 0 0 0 0
822 2 1 1 0 0 0 1 0 0
825 5 1 1 2 0 0 0 0 0
827 23 4 4 2 0 0 2 0 0
831 2 0 0 0 0 0 0 0 0
832 60 1 1 15 0 0 0 0 0
833 14 0 0 0 0 0 0 0 0
834 28 0 0 0 0 0 0 0 0
836 1 0 0 0 0 0 1 0 0
837 1 0 0 0 0 0 0 0 0
838 2 0 0 0 0 0 0 0 0
844 6 0 0 1 0 0 1 0 0
847 3 0 0 2 0 0 0 0 0
853 1 0 0 0 0 0 1 0 0
857 8 0 0 7 0 0 0 0 0
fn=_dl_map_object
682 40 3 3 12 0 0 0 0 0
696 20 1 1 0 0 0 12 0 0
1967 168 2 2 0 0 0 126 5 5
1969 5 0 0 0 0 0 5 0 0
1975 28 0 0 0 0 0 0 0 0
1976 56 0 0 14 1 1 0 0 0
1979 307 1 1 65 0 0 28 0 0
1984 420 1 1 120 0 0 0 0 0
1986 300 0 0 0 0 0 60 2 2
1990 102 0 0 51 0 0 0 0 0
1991 153 0 0 51 0 0 0 0 0
1994 140 0 0 84 0 0 0 0 0
1995 84 1 1 28 0 0 0 0 0
1996 140 0 0 0 0 0 28 0 0
2010 20 1 1 5 0 0 0 0 0
2011 15 0 0 5 0 0 5 0 0
2019 15 0 0 5 0 0 0 0 0
2034 5 0 0 0 0 0 5 1 1
2036 25 0 0 0 0 0 5 0 0
2040 16 2 2 0 0 0 8 0 0
2042 8 0 0 4 0 0 0 0 0
2049 16 0 0 4 0 0 0 0 0
2053 4 1 1 4 0 0 0 0 0
2054 4 0 0 0 0 0 4 0 0
2058 12 1 1 4 0 0 0 0 0
2059 4 0 0 0 0 0 0 0 0
2073 20 2 2 16 0 0 0 0 0
2074 28 2 2 8 0 0 0 0 0
2075 4 0 0 0 0 0 0 0 0
2084 8 1 1 0 0 0 0 0 0
2099 8 1 1 4 0 0 0 0 0
2100 64 1 1 8 0 0 16 0 0
2106 12 1 1 0 0 0 0 0 0
2107 4 0 0 0 0 0 0 0 0
2115 4 1 1 0 0 0 4 0 0
2129 8 0 0 4 0 0 0 0 0
2131 12 0 0 4 0 0 0 0 0
2135 12 1 1 0 0 0 4 0 0
2137 8 0 0 0 0 0 0 0 0
2141 8 0 0 0 0 0 0 0 0
2149 8 0 0 4 0 0 0 0 0
2172 36 1 1 0 0 0 8 0 0
2176 12 0 0 4 0 0 0 0 0
2177 4 0 0 0 0 0 4 0 0
2194 8 0 0 4 0 0 0 0 0
2200 1 0 0 0 0 0 1 0 0
2201 4 0 0 0 0 0 1 0 0
2202 2 1 1 0 0 0 0 0 0
2203 2 0 0 0 0 0 0 0 0
2207 9 1 1 0 0 0 2 0 0
2210 3 0 0 1 0 0 0 0 0
2222 20 0 0 5 0 0 0 0 0
2267 10 0 0 5 0 0 5 0 0
2268 88 1 1 19 0 0 25 0 0
2270 131 1 1 103 0 0 0 0 0
fn=_dl_map_object_from_fd
944 70 2 2 0 0 0 50 2 2
959 20 0 0 5 0 0 5 0 0
989 95 1 1 30 0 0 0 0 0
990 40 1 1 20 0 0 0 0 0
1008 10 1 1 5 0 0 0 0 0
1036 20 1 1 5 0 0 5 0 0
1046 10 0 0 5 0 0 0 0 0
1053 40 1 1 25 0 0 5 0 0
1054 10 0 0 0 0 0 0 0 0
1065 10 0 0 5 0 0 5 5 5
1066 15 0 0 5 0 0 5 0 0
1067 10 0 0 5 0 0 5 0 0
1069 15 0 0 0 0 0 0 0 0
1070 20 1 1 10 0 0 0 0 0
1071 8 0 0 0 0 0 4 0 0
1074 17 2 2 1 0 0 1 0 0
1075 6 0 0 1 0 0 1 1 1
1086 5 0 0 0 0 0 5 0 0
1088 5 0 0 0 0 0 5 0 0
1090 110 2 2 10 0 0 5 0 0
1091 5 0 0 0 0 0 0 0 0
1092 5 0 0 0 0 0 5 0 0
1093 5 0 0 0 0 0 5 0 0
1094 5 0 0 0 0 0 0 0 0
1100 210 0 0 10 0 0 0 0 0
1101 507 3 3 60 12 12 0 0 0
1107 10 1 1 5 1 1 0 0 0
1114 13 0 0 8 0 0 5 0 0
1115 15 0 0 5 0 0 5 0 0
1116 50 1 1 10 0 0 5 0 0
1121 2 0 0 1 0 0 1 0 0
1122 1 0 0 0 0 0 0 0 0
1127 155 0 0 65 0 0 5 0 0
1135 100 1 1 20 0 0 0 0 0
1136 130 1 1 0 0 0 20 3 3
1137 100 1 1 20 2 2 20 0 0
1138 20 0 0 0 0 0 20 0 0
1139 40 0 0 20 2 2 20 6 6
1141 140 0 0 20 2 2 0 0 0
1143 40 0 0 0 0 0 20 0 0
1156 40 0 0 0 0 0 0 0 0
1157 75 0 0 30 0 0 15 0 0
1162 20 0 0 0 0 0 0 0 0
1163 205 0 0 40 0 0 40 0 0
1176 9 1 1 3 1 1 0 0 0
1180 12 0 0 0 0 0 3 3 3
1181 3 0 0 3 0 0 0 0 0
1185 15 0 0 0 0 0 3 3 3
1186 6 1 1 3 0 0 3 0 0
1189 3 0 0 0 0 0 3 0 0
1194 12 0 0 3 0 0 0 0 0
1209 10 1 1 5 0 0 5 0 0
1210 5 0 0 0 0 0 0 0 0
1213 15 0 0 10 1 1 5 2 2
1218 35 1 1 25 0 0 0 0 0
1228 95 1 1 0 0 0 0 0 0
1229 40 0 0 0 0 0 20 0 0
1235 10 0 0 0 0 0 0 0 0
1245 20 0 0 10 0 0 0 0 0
1252 35 1 1 15 0 0 5 0 0
1264 5 1 1 0 0 0 0 0 0
1268 20 1 1 10 0 0 0 0 0
1269 15 0 0 5 0 0 5 0 0
1275 14 1 1 2 0 0 0 0 0
1276 10 1 1 0 0 0 0 0 0
1278 10 0 0 0 0 0 0 0 0
1288 15 0 0 5 0 0 0 0 0
1307 15 0 0 5 0 0 5 0 0
1309 30 1 1 10 0 0 0 0 0
1361 15 0 0 5 2 2 0 0 0
1362 6 0 0 3 0 0 3 0 0
1368 170 1 1 15 0 0 0 0 0
1369 280 1 1 60 50 50 0 0 0
1375 80 0 0 0 0 0 5 0 0
1380 20 1 1 5 0 0 5 0 0
1393 10 1 1 5 0 0 0 0 0
1395 20 0 0 10 0 0 5 0 0
1397 10 0 0 5 0 0 0 0 0
1413 10 0 0 0 0 0 5 0 0
1417 10 0 0 5 0 0 0 0 0
1418 10 1 1 5 0 0 0 0 0
1435 10 0 0 5 0 0 0 0 0
1436 1 0 0 0 0 0 1 0 0
1439 10 0 0 5 0 0 5 0 0
1444 10 0 0 5 0 0 0 0 0
1449 10 0 0 5 0 0 0 0 0
1461 40 1 1 15 0 0 0 0 0
1462 15 1 1 5 0 0 0 0 0
1463 36 0 0 12 0 0 4 0 0
1464 12 0 0 4 0 0 0 0 0
1465 5 0 0 1 0 0 1 0 0
1471 10 0 0 5 0 0 0 0 0
1472 12 0 0 3 0 0 0 0 0
1477 6 0 0 0 0 0 3 0 0
1484 15 1 1 5 0 0 5 0 0
1487 10 0 0 5 0 0 0 0 0
1491 15 0 0 5 0 0 5 0 0
1492 15 0 0 5 0 0 0 0 0
1510 10 1 1 0 0 0 0 0 0
1514 35 1 1 15 0 0 0 0 0
1515 20 1 1 5 0 0 5 0 0
1519 45 1 1 35 0 0 0 0 0
fn=_dl_process_pt_gnu_property
868 18 1 1 0 0 0 0 0 0
869 12 0 0 12 0 0 0 0 0
870 6 0 0 6 0 0 0 0 0
876 12 0 0 6 0 0 0 0 0
882 30 0 0 0 0 0 0 0 0
885 18 1 1 6 5 5 0 0 0
886 12 0 0 6 0 0 0 0 0
887 12 0 0 6 0 0 0 0 0
890 18 0 0 6 0 0 0 0 0
891 18 1 1 0 0 0 0 0 0
895 6 0 0 0 0 0 0 0 0
896 12 0 0 0 0 0 0 0 0
900 18 1 1 9 1 1 0 0 0
901 9 0 0 9 0 0 0 0 0
904 18 0 0 0 0 0 0 0 0
907 9 0 0 0 0 0 0 0 0
908 36 0 0 0 0 0 0 0 0
918 18 0 0 0 0 0 0 0 0
920 24 0 0 0 0 0 0 0 0
fn=expand_dynamic_string_token
241 6 0 0 0 0 0 2 0 0
244 4 0 0 0 0 0 0 0 0
385 20 1 1 0 0 0 12 1 1
399 4 0 0 0 0 0 0 0 0
410 14 1 1 12 0 0 0 0 0
fn=fillin_rpath.isra.0
468 17 2 2 0 0 0 12 0 0
472 1 0 0 0 0 0 0 0 0
474 12 1 1 4 0 0 2 0 0
481 2 0 0 1 0 0 0 0 0
483 6 0 0 1 0 0 2 0 0
487 2 0 0 0 0 0 0 0 0
492 3 0 0 0 0 0 1 0 0
493 2 0 0 0 0 0 0 0 0
500 5 1 1 1 0 0 0 0 0
505 2 1 1 0 0 0 1 0 0
509 15 0 0 5 0 0 0 0 0
510 8 1 1 4 0 0 0 0 0
528 4 1 1 1 0 0 1 0 0
532 4 0 0 2 0 0 0 0 0
534 2 1 1 0 0 0 0 0 0
538 1 0 0 0 0 0 1 0 0
539 2 0 0 1 0 0 0 0 0
540 4 0 0 0 0 0 2 0 0
541 1 0 0 0 0 0 1 0 0
543 2 0 0 1 0 0 0 0 0
549 4 0 0 1 0 0 0 0 0
550 14 1 1 1 0 0 0 0 0
551 4 1 1 0 0 0 3 0 0
553 2 0 0 1 0 0 1 0 0
554 3 1 1 1 0 0 0 0 0
555 1 0 0 0 0 0 1 0 0
561 2 0 0 1 0 0 1 0 0
562 1 0 0 0 0 0 1 0 0
565 3 0 0 0 0 0 1 0 0
571 1 0 0 0 0 0 1 0 0
574 8 0 0 7 0 0 0 0 0
fn=open_path
1812 44 2 2 0 0 0 36 1 1
1813 8 0 0 4 0 0 4 1 1
1816 4 0 0 0 0 0 4 0 0
1817 4 0 0 0 0 0 4 0 0
1819 8 0 0 0 0 0 0 0 0
1822 8 0 0 0 0 0 0 0 0
1824 88 2 2 12 1 1 8 0 0
1827 8 0 0 8 0 0 0 0 0
1831 4 0 0 0 0 0 0 0 0
1835 24 0 0 4 0 0 4 0 0
1842 24 1 1 12 0 0 8 1 1
1843 88 1 1 24 0 0 8 0 0
1846 24 0 0 12 0 0 0 0 0
1851 66 1 1 36 0 0 12 0 0
1854 12 0 0 0 0 0 0 0 0
1860 18 0 0 6 0 0 0 0 0
1863 48 1 1 18 0 0 6 0 0
1865 18 0 0 6 0 0 0 0 0
1867 6 0 0 0 0 0 0 0 0
1872 6 1 1 0 0 0 0 0 0
1873 21 0 0 9 0 0 0 0 0
1879 9 1 1 3 0 0 3 0 0
1881 26 0 0 3 0 0 7 0 0
1882 2 0 0 1 1 1 0 0 0
1884 3 0 0 0 0 0 0 0 0
1891 38 3 3 8 0 0 12 0 0
1893 13 0 0 4 0 0 0 0 0
1937 32 1 1 8 0 0 4 2 2
1941 4 0 0 4 0 0 0 0 0
1943 16 0 0 12 0 0 0 0 0
1946 12 0 0 8 0 0 0 0 0
1960 36 1 1 28 0 0 0 0 0
fn=open_verify.constprop.0
1572 132 1 1 0 0 0 88 1 1
1604 33 0 0 11 0 0 0 0 0
1609 12 1 1 0 0 0 0 0 0
1623 55 0 0 0 0 0 11 0 0
1625 22 1 1 0 0 0 0 0 0
1633 5 0 0 0 0 0 5 0 0
1634 15 0 0 0 0 0 5 1 1
1639 30 0 0 0 0 0 5 0 0
1641 10 1 1 0 0 0 0 0 0
1643 10 0 0 5 0 0 5 0 0
1645 10 0 0 0 0 0 0 0 0
1651 10 0 0 0 0 0 0 0 0
1668 74 4 4 23 0 0 0 0 0
1749 10 0 0 5 0 0 0 0 0
1754 10 1 1 5 0 0 0 0 0
1760 20 0 0 5 0 0 0 0 0
1766 10 0 0 5 2 2 0 0 0
1772 20 0 0 5 0 0 0 0 0
1773 20 1 1 5 0 0 0 0 0
1777 16 3 3 1 0 0 0 0 0
1778 5 0 0 0 0 0 1 0 0
1799 99 0 0 77 0 0 0 0 0
fl=./elf/./elf/dl-lookup-direct.c
fn=_dl_lookup_direct
32 15 0 0 9 0 0 0 0 0
33 9 1 1 0 0 0 0 0 0
35 6 0 0 3 2 1 0 0 0
36 6 0 0 3 0 0 0 0 0
48 9 0 0 3 0 0 3 0 0
51 6 0 0 6 0 0 0 0 0
53 21 1 1 6 0 0 6 0 0
57 9 0 0 9 1 0 0 0 0
58 21 0 0 9 1 0 0 0 0
59 15 0 0 6 0 0 3 0 0
74 39 2 2 0 0 0 27 0 0
76 6 0 0 3 0 0 0 0 0
78 21 0 0 9 2 0 0 0 0
79 6 0 0 0 0 0 0 0 0
81 12 1 1 3 0 0 3 0 0
84 25 0 0 5 2 0 0 0 0
86 12 0 0 3 0 0 0 0 0
93 6 2 2 0 0 0 0 0 0
115 3 0 0 0 0 0 0 0 0
116 27 0 0 21 0 0 0 0 0
fl=./elf/./elf/dl-lookup.c
fn=_dl_lookup_symbol_x
772 25207 4 2 0 0 0 17451 9 3
774 3878 0 0 0 0 0 1939 0 0
775 7756 0 0 0 0 0 1939 0 0
778 1939 0 0 1939 3 0 0 0 0
782 7718 0 0 1920 0 0 0 0 0
785 3878 2 1 1939 0 0 0 0 0
787 3878 0 0 3878 6 0 0 0 0
791 27226 0 0 16 0 0 5817 0 0
792 32963 4 2 13573 0 0 13573 3 2
797 9695 0 0 3878 0 0 0 0 0
799 96 1 1 16 0 0 0 0 0
816 1939 0 0 0 0 0 1939 0 0
817 48 1 1 0 0 0 0 0 0
820 3878 0 0 1939 0 0 0 0 0
821 13445 0 0 1919 0 0 0 0 0
828 1987 1 1 1923 0 0 0 0 0
856 7692 2 1 1923 0 0 0 0 0
870 5769 0 0 1923 9 1 0 0 0
871 2 1 1 0 0 0 1 0 0
873 3846 0 0 1923 0 0 0 0 0
890 7692 0 0 1923 0 0 0 0 0
892 17451 2 1 13573 0 0 0 0 0
fn=check_match
70 28950 2 1 3860 132 78 11580 11 4
73 15440 2 1 3860 244 185 0 0 0
78 16 0 0 0 0 0 0 0 0
86 9625 0 0 0 0 0 0 0 0
89 4696 0 0 282 0 0 141 0 0
93 1925 2 1 1925 6 0 0 0 0
94 3850 0 0 0 0 0 0 0 0
96 3844 0 0 0 0 0 0 0 0
115 3844 0 0 3844 96 23 0 0 0
116 15376 3 1 5766 29 0 0 0 0
117 9600 6 2 3840 11 0 1920 0 0
118 4 0 0 2 0 0 0 0 0
119 4 0 0 0 0 0 0 0 0
144 6 0 0 0 0 0 0 0 0
146 18 0 0 6 3 1 0 0 0
147 12 0 0 0 0 0 0 0 0
150 2 0 0 0 0 0 0 0 0
151 7 0 0 3 0 0 1 0 0
153 3 0 0 1 0 0 1 0 0
161 1922 0 0 0 0 0 0 0 0
162 15440 0 0 13510 0 0 0 0 0
fn=do_lookup_x
170 300 1 1 2 0 0 0 0 0
171 307 1 1 76 0 0 2 0 0
172 940 1 1 250 50 49 0 0 0
174 98 0 0 0 0 0 0 0 0
175 294 0 0 0 0 0 0 0 0
176 530 2 2 2 0 0 0 0 0
179 152 0 0 0 0 0 152 0 0
180 152 0 0 0 0 0 152 0 0
181 82 0 0 0 0 0 82 13 11
182 152 0 0 0 0 0 152 24 24
183 70 0 0 0 0 0 0 0 0
222 498 1 1 166 0 0 332 0 0
224 747 0 0 83 3 0 249 0 0
226 166 0 0 83 3 1 0 0 0
227 83 0 0 83 0 0 0 0 0
228 332 0 0 166 0 0 0 0 0
230 2721 1 1 128 0 0 410 0 0
231 492 1 1 0 0 0 0 0 0
234 354 0 0 177 0 0 0 0 0
235 183 1 1 179 56 23 2 0 0
237 6 0 0 4 0 0 0 0 0
247 1 1 1 1 0 0 0 0 0
248 1 0 0 0 0 0 0 0 0
250 3 0 0 2 0 0 2 0 0
251 1 0 0 0 0 0 0 0 0
254 352 0 0 0 0 0 0 0 0
257 95 0 0 0 0 0 0 0 0
258 285 0 0 0 0 0 0 0 0
259 322 1 1 0 0 0 0 0 0
262 1377 2 2 648 0 0 0 0 0
269 12 1 1 0 0 0 8 0 0
272 4 0 0 0 0 0 0 0 0
279 298 1 1 6 0 0 2 0 0
280 276 0 0 92 5 2 0 0 0
281 350 1 1 210 2 0 0 0 0
285 20 1 1 6 0 0 6 0 0
286 2 0 0 0 0 0 2 0 0
287 2 0 0 0 0 0 0 0 0
288 4 1 1 2 0 0 2 0 0
289 8 0 0 6 0 0 2 0 0
300 3 0 0 2 0 0 0 0 0
302 2 1 1 0 0 0 0 0 0
305 1 0 0 0 0 0 1 0 0
306 1 0 0 0 0 0 1 0 0
307 2 0 0 1 0 0 1 0 0
310 164 0 0 0 0 0 0 0 0
311 492 0 0 164 0 0 0 0 0
318 328 0 0 82 0 0 0 0 0
329 574 1 1 246 0 0 82 0 0
331 164 0 0 164 0 0 82 0 0
333 246 0 0 164 0 0 82 0 0
334 164 0 0 0 0 0 82 0 0
347 27146 6 2 3878 0 0 19390 6 4
348 1939 0 0 1939 3 0 0 0 0
353 1939 0 0 0 0 0 0 0 0
354 1939 0 0 1939 0 0 0 0 0
358 12680 3 1 12680 15 0 0 0 0
361 12680 0 0 0 0 0 0 0 0
365 16558 0 0 1939 0 0 0 0 0
386 12680 3 1 6340 14 0 0 0 0
390 12680 0 0 6340 2 0 0 0 0
396 19020 0 0 6340 18 0 0 0 0
400 6340 0 0 0 0 0 6340 0 0
401 6340 0 0 0 0 0 6340 0 0
404 31700 0 0 19020 41 0 0 0 0
405 19020 3 1 12680 0 0 0 0 0
408 6340 0 0 6340 0 0 0 0 0
409 12680 0 0 0 0 0 0 0 0
411 6340 0 0 6340 662 138 0 0 0
412 5817 0 0 0 0 0 1939 0 0
413 12680 0 0 12680 0 0 0 0 0
415 13573 3 1 1939 0 0 3878 0 0
416 25360 0 0 12680 0 0 0 0 0
419 44380 0 0 6340 0 0 0 0 0
422 3938 0 0 3938 920 201 0 0 0
423 5907 2 1 1969 0 0 0 0 0
424 3938 0 0 0 0 0 0 0 0
426 3928 0 0 1964 0 0 0 0 0
429 24520 3 1 4904 1542 483 0 0 0
431 5790 0 0 1930 0 0 0 0 0
432 48624 5 2 13544 0 0 25328 9 3
433 3860 0 0 0 0 0 0 0 0
436 5790 0 0 0 0 0 0 0 0
439 8962 0 0 8 0 0 0 0 0
461 15376 3 1 11532 0 0 0 0 0
470 337 2 2 295 0 0 0 0 0
472 2 0 0 0 0 0 0 0 0
476 3846 3 1 0 0 0 0 0 0
483 10286 0 0 1923 0 0 0 0 0
487 3699 2 1 1233 0 0 0 0 0
491 1 1 1 0 0 0 1 0 0
499 3680 0 0 1840 0 0 1840 0 0
500 1840 0 0 0 0 0 1840 0 0
501 1923 0 0 0 0 0 0 0 0
518 13251 0 0 0 0 0 0 0 0
521 16 0 0 0 0 0 0 0 0
522 15512 1 1 13573 0 0 0 0 0
fl=./elf/./elf/dl-minimal-malloc.c
fn=__minimal_calloc
80 85 1 1 0 0 0 0 0 0
84 17 0 0 0 0 0 0 0 0
87 17 0 0 0 0 0 0 0 0
88 51 0 0 0 0 0 0 0 0
fn=__minimal_free
97 3 2 1 0 0 0 0 0 0
99 12 0 0 6 0 0 0 0 0
fn=__minimal_malloc
36 336 2 2 0 0 0 168 0 0
37 126 0 0 42 4 1 0 0 0
42 3 1 1 0 0 0 1 0 0
43 2 1 1 1 0 0 0 0 0
44 2 0 0 0 0 0 0 0 0
48 167 0 0 41 0 0 42 0 0
51 282 0 0 0 0 0 0 0 0
56 12 0 0 3 0 0 0 0 0
57 12 0 0 0 0 0 0 0 0
59 3 1 1 0 0 0 0 0 0
60 24 0 0 0 0 0 3 0 0
62 6 0 0 0 0 0 0 0 0
64 12 0 0 0 0 0 3 0 0
65 9 0 0 3 0 0 0 0 0
67 8 0 0 0 0 0 3 0 0
70 43 2 1 1 0 0 42 0 0
71 46 0 0 0 0 0 42 0 0
73 252 0 0 210 0 0 0 0 0
fl=./elf/./elf/dl-minimal.c
fn=__rtld_malloc_init_real
76 10 1 1 0 0 0 6 0 0
86 2 1 1 0 0 0 1 0 0
87 1 0 0 0 0 0 1 0 0
89 1 0 0 0 0 0 1 0 0
91 6 1 1 0 0 0 1 0 0
92 5 0 0 0 0 0 1 0 0
93 5 0 0 0 0 0 1 0 0
94 4 1 1 0 0 0 1 0 0
99 1 0 0 0 0 0 1 0 0
100 1 0 0 0 0 0 1 0 0
101 1 0 0 0 0 0 1 0 0
102 1 0 0 0 0 0 1 0 0
103 8 0 0 7 0 0 0 0 0
fn=__rtld_malloc_init_stubs
42 1 1 1 0 0 0 0 0 0
43 2 1 1 0 0 0 1 1 1
44 2 0 0 0 0 0 1 0 0
45 2 0 0 0 0 0 1 0 0
46 2 0 0 0 0 0 1 0 0
47 1 0 0 1 0 0 0 0 0
fn=lookup_malloc_symbol
61 36 1 1 0 0 0 16 0 0
63 4 0 0 0 0 0 4 0 0
64 28 0 0 4 0 0 12 0 0
68 28 1 1 16 0 0 0 0 0
69 28 0 0 12 0 0 0 0 0
71 4 0 0 0 0 0 4 0 0
72 24 0 0 20 0 0 0 0 0
fn=strsep
239 2 1 1 0 0 0 0 0 0
242 4 0 0 2 1 1 0 0 0
244 2 0 0 2 0 0 0 0 0
245 4 0 0 0 0 0 0 0 0
247 2 0 0 0 0 0 0 0 0
249 47 1 1 15 0 0 0 0 0
251 28 0 0 0 0 0 0 0 0
254 56 0 0 28 0 0 0 0 0
256 84 0 0 28 0 0 0 0 0
264 14 0 0 0 0 0 0 0 0
267 1 0 0 0 0 0 1 0 0
271 4 0 0 2 0 0 0 0 0
fl=./elf/./elf/dl-misc.c
fn=_dl_higher_prime_number
87 2 0 0 0 0 0 0 0 0
124 2 0 0 0 0 0 0 0 0
125 2 0 0 0 0 0 0 0 0
127 26 1 1 0 0 0 0 0 0
129 80 0 0 0 0 0 0 0 0
130 30 0 0 10 4 2 0 0 0
131 6 0 0 0 0 0 0 0 0
133 7 0 0 0 0 0 0 0 0
145 2 0 0 2 0 0 0 0 0
146 2 0 0 2 0 0 0 0 0
fn=_dl_name_match_p
68 931 1 1 0 0 0 399 0 0
69 532 0 0 133 0 0 133 1 1
70 22 0 0 0 0 0 0 0 0
72 133 0 0 133 0 0 0 0 0
74 524 0 0 0 0 0 0 0 0
75 755 1 1 151 0 0 151 0 0
80 129 0 0 129 0 0 0 0 0
82 111 0 0 0 0 0 0 0 0
83 532 0 0 532 0 0 0 0 0
fn=_dl_sysdep_read_whole_file
36 11 1 1 0 0 0 5 0 0
39 3 0 0 0 0 0 1 0 0
40 2 1 1 0 0 0 0 0 0
42 6 0 0 0 0 0 1 0 0
44 2 0 0 1 0 0 1 0 0
47 2 1 1 0 0 0 0 0 0
49 8 0 0 0 0 0 1 0 0
60 3 0 0 0 0 0 1 0 0
63 8 0 0 6 0 0 0 0 0
fl=./elf/./elf/dl-object.c
fn=_dl_add_to_namespace_list
31 54 1 1 0 0 0 24 0 0
33 18 0 0 6 0 0 6 0 0
35 53 1 1 6 0 0 0 0 0
38 80 0 0 20 0 0 0 0 0
40 5 0 0 0 0 0 5 0 0
42 5 0 0 0 0 0 5 0 0
45 2 1 1 0 0 0 1 0 0
46 18 0 0 6 0 0 0 0 0
47 12 0 0 6 0 0 6 0 0
48 12 0 0 0 0 0 6 0 0
50 12 0 0 6 0 0 0 0 0
51 30 0 0 24 0 0 0 0 0
fn=_dl_new_object
59 90 1 1 0 0 0 60 2 2
62 12 0 0 0 0 0 0 0 0
64 2 1 1 0 0 0 0 0 0
66 3 1 1 1 0 0 0 0 0
67 2 0 0 0 0 0 0 0 0
71 6 0 0 0 0 0 2 0 0
77 2 1 1 0 0 0 0 0 0
80 10 0 0 5 0 0 0 0 0
83 26 1 1 0 0 0 16 2 2
87 10 0 0 0 0 0 0 0 0
92 5 0 0 0 0 0 0 0 0
95 12 0 0 0 0 0 0 0 0
98 6 0 0 0 0 0 6 6 6
99 6 0 0 0 0 0 6 6 6
100 12 0 0 6 0 0 0 0 0
103 12 0 0 0 0 0 6 0 0
104 42 1 1 18 0 0 18 0 0
106 6 1 1 0 0 0 6 0 0
119 28 0 0 17 0 0 0 0 0
123 5 0 0 0 0 0 0 0 0
125 1 0 0 0 0 0 0 0 0
127 42 0 0 12 6 6 12 0 0
130 12 0 0 6 0 0 0 0 0
131 12 1 1 0 0 0 6 6 6
132 6 1 1 0 0 0 6 0 0
136 6 0 0 0 0 0 6 0 0
139 40 0 0 0 0 0 0 0 0
141 20 1 1 0 0 0 16 4 4
149 12 1 1 0 0 0 6 0 0
150 6 0 0 0 0 0 6 6 6
153 1 0 0 0 0 0 0 0 0
155 36 0 0 6 1 1 0 0 0
157 20 0 0 0 0 0 5 5 5
160 14 1 1 0 0 0 0 0 0
164 20 0 0 5 0 0 0 0 0
168 35 1 1 5 0 0 0 0 0
176 1 1 1 0 0 0 1 0 0
179 12 0 0 0 0 0 6 0 0
189 24 0 0 12 0 0 0 0 0
191 20 0 0 0 0 0 10 0 0
195 15 0 0 0 0 0 0 0 0
199 10 0 0 0 0 0 0 0 0
200 10 0 0 0 0 0 0 0 0
208 5 0 0 0 0 0 0 0 0
212 5 1 1 0 0 0 0 0 0
245 20 1 0 10 0 0 5 0 0
250 168 0 0 0 0 0 0 0 0
251 168 0 0 84 0 0 0 0 0
255 10 0 0 0 0 0 0 0 0
256 5 0 0 0 0 0 5 0 0
259 5 0 0 0 0 0 5 0 0
263 54 1 1 42 0 0 0 0 0
fl=./elf/./elf/dl-reloc.c
fn=_dl_relocate_object
170 14340 1 1 3585 1706 1363 0 0 0
171 7000 1 1 0 0 0 0 0 0
174 23827 1 1 3500 6 0 0 0 0
175 19540 2 2 1629 0 0 0 0 0
177 1629 0 0 1629 0 0 0 0 0
178 6514 1 1 1629 0 0 1629 0 0
182 3742 0 0 0 0 0 0 0 0
183 1871 0 0 0 0 0 1871 0 0
184 1871 0 0 0 0 0 1871 0 0
186 14974 2 2 7484 0 0 6 0 0
187 9325 1 1 1865 55 0 1865 0 0
188 3730 0 0 0 0 0 0 0 0
190 13194 2 2 3742 0 0 5658 1 0
193 1871 0 0 1871 0 0 0 0 0
194 13097 1 1 5613 0 0 1871 1 0
196 1629 1 1 1629 0 0 0 0 0
207 88 1 1 0 0 0 64 0 0
208 16 0 0 8 0 0 0 0 0
220 14 0 0 0 0 0 0 0 0
221 21 0 0 0 0 0 7 0 0
224 28 1 1 0 0 0 7 0 0
226 21 0 0 0 0 0 0 0 0
228 7 0 0 7 0 0 0 0 0
229 21 0 0 7 1 0 0 0 0
251 35 2 2 14 0 0 0 0 0
252 14 1 1 7 6 0 0 0 0
253 3 0 0 0 0 0 0 0 0
255 14 0 0 0 0 0 0 0 0
262 21 1 1 7 4 0 0 0 0
301 10279 9 9 1220 234 203 51 0 0
304 35 0 0 14 0 0 0 0 0
328 7 0 0 7 0 0 0 0 0
331 14 0 0 0 0 0 0 0 0
348 21 0 0 7 5 0 0 0 0
350 64 0 0 56 2 0 0 0 0
356 42 1 1 21 0 0 0 0 0
359 14 0 0 0 0 0 0 0 0
363 14 1 1 0 0 0 0 0 0
364 42 0 0 0 0 0 7 0 0
fl=./elf/./elf/dl-runtime.c
fn=_dl_fixup
46 704 5 2 0 0 0 384 0 0
48 320 0 0 256 6 0 0 0 0
49 192 2 1 128 0 0 0 0 0
54 64 0 0 64 3 0 0 0 0
55 256 0 0 64 3 0 0 0 0
56 448 0 0 64 61 0 64 1 0
58 128 0 0 64 5 0 0 0 0
63 128 0 0 0 0 0 0 0 0
67 128 0 0 64 62 35 0 0 0
69 64 0 0 0 0 0 0 0 0
71 192 2 1 64 3 0 0 0 0
75 192 0 0 128 52 0 0 0 0
76 256 0 0 64 2 0 0 0 0
77 192 0 0 64 12 0 0 0 0
84 64 2 1 0 0 0 0 0 0
85 192 0 0 64 0 0 0 0 0
95 704 0 0 128 3 0 192 0 0
99 320 2 1 192 0 0 0 0 0
109 640 0 0 256 0 0 64 0 0
124 256 2 1 64 0 0 0 0 0
133 192 0 0 64 0 0 0 0 0
159 192 0 0 64 2 0 0 0 0
163 512 2 1 448 0 0 0 0 0
fl=./elf/./elf/dl-setup_hash.c
fn=_dl_setup_hash
25 14 1 1 0 0 0 0 0 0
28 21 1 1 7 0 0 0 0 0
31 21 0 0 14 0 0 0 0 0
32 14 0 0 7 6 6 7 1 1
33 7 0 0 7 0 0 0 0 0
34 7 0 0 7 0 0 0 0 0
36 21 0 0 0 0 0 0 0 0
37 7 0 0 0 0 0 7 0 0
38 21 1 1 7 0 0 7 0 0
40 7 0 0 0 0 0 7 0 0
41 14 0 0 0 0 0 0 0 0
43 7 0 0 0 0 0 7 0 0
45 21 0 0 0 0 0 7 0 0
50 7 0 0 7 0 0 0 0 0
fl=./elf/./elf/dl-sort-maps.c
fn=_dl_sort_maps
140 70 0 0 14 0 0 14 1 0
181 2 0 0 0 0 0 2 0 0
182 4 0 0 2 0 0 0 0 0
183 52 0 0 0 0 0 0 0 0
184 28 2 1 28 0 0 0 0 0
211 34 4 2 2 1 0 0 0 0
216 4 0 0 0 0 0 2 0 0
218 2 0 0 0 0 0 2 0 0
219 10 0 0 0 0 0 0 0 0
221 44 2 1 0 0 0 0 0 0
223 14 0 0 14 0 0 0 0 0
226 42 0 0 14 0 0 0 0 0
244 8 2 1 2 0 0 0 0 0
263 8 2 1 0 0 0 2 0 0
276 8 2 1 2 0 0 0 0 0
283 2 2 1 0 0 0 0 0 0
298 26 1 0 0 0 0 14 1 0
306 6 2 1 2 1 0 0 0 0
310 18 4 2 14 0 0 0 0 0
fn=_dl_sort_maps_init
289 4 2 2 0 0 0 1 0 0
290 4 0 0 0 0 0 1 0 0
291 1 0 0 0 0 0 1 0 0
292 3 0 0 1 0 0 0 0 0
293 2 0 0 2 0 0 0 0 0
fn=dfs_traversal.part.0
135 126 2 1 0 0 0 70 1 0
140 70 0 0 35 0 0 0 0 0
143 14 0 0 14 0 0 0 0 0
145 42 0 0 14 2 0 0 0 0
147 184 0 0 46 6 0 0 0 0
156 49 3 2 7 0 0 0 0 0
171 42 0 0 14 0 0 14 0 0
172 14 0 0 0 0 0 14 0 0
173 84 0 0 84 0 0 0 0 0
fl=./elf/./elf/dl-tunables.c
fn=__GI___tunable_set_val
72 50 1 1 5 0 0 0 0 0
82 5 0 0 5 0 0 0 0 0
93 40 1 1 10 0 0 0 0 0
94 25 0 0 10 0 0 0 0 0
97 10 0 0 0 0 0 0 0 0
100 35 0 0 0 0 0 0 0 0
104 10 0 0 0 0 0 0 0 0
111 10 0 0 0 0 0 0 0 0
112 10 0 0 0 0 0 0 0 0
115 25 1 1 0 0 0 5 0 0
116 5 0 0 0 0 0 5 0 0
117 5 0 0 0 0 0 5 0 0
118 5 0 0 0 0 0 5 0 0
153 30 1 1 0 0 0 10 0 0
157 15 0 0 15 0 0 0 0 0
fn=__GI___tunables_init
42 145 1 1 29 0 0 0 0 0
45 28 0 0 0 0 0 0 0 0
48 2100 0 0 300 11 11 0 0 0
52 56 0 0 0 0 0 0 0 0
56 112 1 1 0 0 0 0 0 0
128 1 0 0 0 0 0 0 0 0
261 10 2 2 0 0 0 6 0 0
267 4 0 0 1 0 0 0 0 0
281 4592 0 0 0 0 0 0 0 0
283 2 0 0 0 0 0 0 0 0
287 8316 1 1 2296 41 41 0 0 0
304 8 1 1 7 0 0 0 0 0
fn=__tunable_get_val
387 80 1 1 0 0 0 0 0 0
390 474 2 1 40 36 31 0 0 0
399 52 0 0 37 14 0 15 0 0
400 15 0 0 0 0 0 0 0 0
409 31 1 1 0 0 0 25 0 0
416 240 0 0 40 4 0 0 0 0
418 40 0 0 40 0 0 0 0 0
fl=./elf/./elf/dl-tunables.h
fn=__GI___tunable_set_val
141 10 0 0 0 0 0 0 0 0
142 10 1 1 0 0 0 0 0 0
151 5 0 0 0 0 0 0 0 0
fn=__GI___tunables_init
160 566 1 1 366 1 1 0 0 0
161 1324 0 0 0 0 0 0 0 0
fl=./elf/./elf/dl-version.c
fn=_dl_check_all_versions
392 7 1 1 0 0 0 5 0 0
394 1 0 0 0 0 0 0 0 0
396 26 0 0 7 0 0 0 0 0
397 7 0 0 0 0 0 0 0 0
398 63 1 1 7 0 0 7 0 0
401 7 0 0 6 0 0 0 0 0
fn=_dl_check_map_versions
36 224 0 0 26 0 0 0 0 0
37 60 0 0 60 0 0 0 0 0
38 378 1 1 0 0 0 73 0 0
56 240 0 0 180 0 0 0 0 0
64 180 0 0 60 0 0 0 0 0
70 180 1 1 60 0 0 0 0 0
86 60 0 0 60 1 0 0 0 0
87 120 0 0 0 0 0 0 0 0
89 60 0 0 60 0 0 0 0 0
94 2354 0 0 1027 32 32 180 0 0
108 2054 0 0 1027 12 12 0 0 0
110 60 1 1 60 1 1 0 0 0
113 480 1 1 180 2 2 120 0 0
120 2901 1 1 967 13 13 0 0 0
124 967 0 0 0 0 0 0 0 0
155 70 0 0 0 0 0 42 0 0
156 7 0 0 0 0 0 7 0 0
164 12 1 1 0 0 0 7 0 0
170 21 0 0 7 0 0 0 0 0
172 35 1 1 14 0 0 0 0 0
174 7 0 0 7 0 0 0 0 0
175 7 0 0 7 0 0 0 0 0
177 14 0 0 0 0 0 0 0 0
180 15 1 1 10 0 0 0 0 0
184 40 0 0 5 5 5 25 0 0
198 8 0 0 0 0 0 0 0 0
200 39 1 1 26 0 0 0 0 0
208 39 0 0 13 0 0 0 0 0
213 39 0 0 13 2 2 0 0 0
215 47 0 0 0 0 0 0 0 0
217 240 1 1 120 16 16 60 0 0
218 465 1 1 342 0 0 0 0 0
221 120 0 0 60 0 0 60 0 0
224 180 0 0 120 0 0 0 0 0
225 5 0 0 1 0 0 1 0 0
228 28 1 1 14 0 0 13 0 0
231 240 0 0 60 0 0 0 0 0
234 180 0 0 60 0 0 0 0 0
239 47 0 0 0 0 0 0 0 0
243 39 0 0 13 0 0 0 0 0
248 8 0 0 0 0 0 0 0 0
257 30 2 2 15 0 0 0 0 0
260 10 0 0 10 0 0 0 0 0
263 551 0 0 139 9 9 5 0 0
266 412 0 0 134 4 4 5 0 0
270 129 0 0 0 0 0 0 0 0
274 18 1 1 6 0 0 0 0 0
279 6 0 0 0 0 0 6 1 0
280 24 1 1 6 0 0 6 0 0
281 18 0 0 6 0 0 0 0 0
291 6 0 0 0 0 0 6 0 0
294 32 0 0 19 2 0 6 0 0
296 12 0 0 0 0 0 0 0 0
299 20 1 1 10 0 0 0 0 0
301 8 0 0 0 0 0 0 0 0
303 39 0 0 13 0 0 0 0 0
306 180 1 1 60 0 0 0 0 0
308 240 0 0 0 0 0 0 0 0
310 300 0 0 60 0 0 60 0 0
311 120 0 0 0 0 0 60 22 22
312 180 0 0 60 0 0 60 2 2
313 180 0 0 60 0 0 60 2 2
316 180 0 0 60 0 0 0 0 0
321 47 0 0 0 0 0 0 0 0
324 39 0 0 13 0 0 0 0 0
329 8 1 1 0 0 0 0 0 0
334 12 0 0 0 0 0 0 0 0
337 10 0 0 5 0 0 0 0 0
341 129 0 0 129 0 0 0 0 0
343 268 0 0 134 0 0 0 0 0
347 129 0 0 129 0 0 0 0 0
348 645 0 0 129 0 0 129 33 33
349 387 0 0 129 0 0 129 0 0
350 129 0 0 0 0 0 129 17 17
353 402 0 0 134 0 0 0 0 0
357 129 0 0 0 0 0 0 0 0
365 10 0 0 0 0 0 0 0 0
366 10 1 1 5 0 0 0 0 0
367 10 0 0 5 0 0 0 0 0
368 4 0 0 2 0 0 0 0 0
370 4 1 1 3 0 0 0 0 0
372 124 0 0 32 0 0 0 0 0
373 60 1 1 0 0 0 0 0 0
375 2 0 0 1 0 0 0 0 0
376 7 0 0 0 0 0 1 0 0
387 63 1 1 56 0 0 0 0 0
fl=./elf/./elf/do-rel.h
fn=_dl_relocate_object
49 42 1 1 14 1 0 0 0 0
50 42 0 0 14 0 0 14 0 0
51 7 0 0 7 0 0 0 0 0
53 70 0 0 28 1 0 0 0 0
72 8 0 0 0 0 0 0 0 0
73 9 1 1 0 0 0 7 0 0
80 42 0 0 14 0 0 0 0 0
83 3352 1 1 0 0 0 2 0 0
85 4448 1 1 1112 418 418 0 0 0
96 12 0 0 2 0 0 0 0 0
97 4 0 0 0 0 0 0 0 0
114 36 1 1 0 0 0 0 0 0
123 3238 0 0 0 0 0 0 0 0
124 2140 0 0 1070 137 135 0 0 0
126 36 1 1 12 8 0 0 0 0
129 40 0 0 20 4 0 10 0 0
131 14370 1 1 3607 0 0 0 0 0
133 17895 0 0 10737 1966 1225 0 0 0
134 14316 0 0 3579 0 0 3579 0 0
135 10737 0 0 7158 1 0 3579 0 0
136 14316 0 0 3579 1 0 0 0 0
138 10737 1 1 0 0 0 0 0 0
141 272 0 0 68 0 0 68 0 0
142 68 1 1 0 0 0 68 0 0
143 68 0 0 0 0 0 0 0 0
147 3511 0 0 0 0 0 3511 0 0
150 10556 1 1 3511 0 0 0 0 0
151 294 2 2 98 1 0 0 0 0
164 24 1 1 12 0 0 0 0 0
165 285 0 0 9 0 0 6 0 0
166 252 1 1 84 0 0 0 0 0
169 204 0 0 136 0 0 0 0 0
171 272 0 0 68 0 0 68 0 0
172 68 0 0 68 0 0 0 0 0
173 136 0 0 68 0 0 0 0 0
180 31 1 1 9 0 0 0 0 0
182 42 1 1 12 2 2 6 0 0
183 12 0 0 12 0 0 0 0 0
185 18 0 0 0 0 0 0 0 0
193 6 0 0 0 0 0 6 0 0
196 18 0 0 6 0 0 0 0 0
211 7 1 1 4 0 0 0 0 0
fn=_dl_start
49 6 0 0 2 0 0 0 0 0
50 4 0 0 2 0 0 0 0 0
51 1 0 0 1 0 0 0 0 0
53 10 1 1 4 0 0 0 0 0
56 4 0 0 0 0 0 0 0 0
61 13 1 1 0 0 0 0 0 0
63 9 1 1 3 1 1 0 0 0
64 6 0 0 0 0 0 0 0 0
65 3 0 0 3 0 0 0 0 0
fl=./elf/./elf/get-dynamic-info.h
fn=_dl_map_object_from_fd
39 10 0 0 0 0 0 0 0 0
43 5 0 0 0 0 0 0 0 0
45 567 0 0 143 39 39 0 0 0
49 276 0 0 0 0 0 0 0 0
51 74 1 1 0 0 0 0 0 0
52 37 0 0 0 0 0 0 0 0
53 6 0 0 0 0 0 0 0 0
54 129 1 1 0 0 0 0 0 0
55 109 0 0 0 0 0 0 0 0
56 25 1 1 0 0 0 0 0 0
59 20 1 1 0 0 0 0 0 0
62 20 0 0 0 0 0 0 0 0
64 20 0 0 0 0 0 0 0 0
68 138 0 0 0 0 0 138 33 33
72 20 0 0 5 0 0 0 0 0
84 17 1 1 7 0 0 0 0 0
85 20 0 0 10 0 0 0 0 0
86 20 0 0 10 0 0 0 0 0
87 20 0 0 10 0 0 0 0 0
88 17 0 0 7 3 3 0 0 0
89 19 1 1 9 1 1 0 0 0
90 19 0 0 9 1 1 0 0 0
91 20 0 0 10 0 0 0 0 0
103 40 1 1 10 0 0 5 0 0
110 16 0 0 5 0 0 0 0 0
115 8 0 0 4 0 0 0 0 0
122 8 0 0 4 0 0 0 0 0
123 15 1 1 10 0 0 0 0 0
129 15 0 0 5 0 0 0 0 0
130 6 0 0 4 0 0 0 0 0
147 15 0 0 5 0 0 0 0 0
152 4 0 0 2 0 0 2 0 0
154 4 0 0 0 0 0 0 0 0
156 4 0 0 0 0 0 0 0 0
158 4 0 0 0 0 0 0 0 0
159 4 0 0 0 0 0 2 0 0
162 15 1 1 5 0 0 0 0 0
164 9 1 1 3 0 0 3 0 0
165 6 0 0 0 0 0 0 0 0
174 6 0 0 3 0 0 0 0 0
175 9 1 1 0 0 0 0 0 0
180 6 0 0 0 0 0 0 0 0
181 6 0 0 2 0 0 2 0 0
184 10 0 0 5 0 0 0 0 0
fl=./elf/./elf/libc-dl-profstub.c
fn=_dl_mcount_wrapper_check
36 128 1 1 0 0 0 0 0 0
37 384 1 1 256 0 0 0 0 0
38 128 0 0 128 0 0 0 0 0
fl=./elf/./elf/libc_early_init.c
fn=__libc_early_init
33 9 1 1 1 0 0 3 0 0
35 1 0 0 0 0 0 1 0 0
38 2 0 0 1 1 0 1 1 1
41 2 0 0 0 0 0 2 1 1
47 4 0 0 2 0 0 0 0 0
49 2 0 0 2 0 0 0 0 0
fl=./elf/./elf/rtld.c
fn=_dl_start
85 8 0 0 0 0 0 2 1 1
458 2 0 0 0 0 0 1 0 0
476 3 0 0 0 0 0 1 0 0
477 1 0 0 0 0 0 1 0 0
478 2 0 0 1 0 0 1 1 1
488 1 0 0 0 0 0 1 0 0
494 4 2 1 1 0 0 1 0 0
496 2 0 0 1 0 0 0 0 0
517 16 2 2 0 0 0 8 2 2
543 1 0 0 0 0 0 1 1 1
546 2 1 1 0 0 0 1 1 1
547 4 0 0 1 1 1 0 0 0
563 190 5 5 24 5 5 5 0 0
565 1 0 0 1 0 0 0 0 0
578 1 1 1 0 0 0 1 0 0
585 9 1 1 7 2 0 0 0 0
fn=dl_main
85 17 2 2 0 0 0 1 0 0
92 12 1 1 0 0 0 0 0 0
93 2 0 0 0 0 0 1 1 0
101 9 0 0 4 0 0 0 0 0
197 2 0 0 0 0 0 1 0 0
199 1 0 0 0 0 0 1 0 0
224 3 0 0 3 0 0 0 0 0
225 5 0 0 3 0 0 0 0 0
226 4 1 1 0 0 0 0 0 0
296 3 1 1 0 0 0 3 0 0
302 1 0 0 0 0 0 1 0 0
303 1 0 0 0 0 0 1 0 0
837 1 0 0 1 0 0 0 0 0
839 1 0 0 0 0 0 1 0 0
848 1 1 1 0 0 0 1 0 0
850 1 0 0 0 0 0 1 0 0
855 1 0 0 0 0 0 1 0 0
1115 1 0 0 1 0 0 0 0 0
1116 1 1 1 1 0 0 0 0 0
1118 1 0 0 0 0 0 1 0 0
1122 3 0 0 2 1 1 1 1 1
1124 1 0 0 1 0 0 0 0 0
1125 1 0 0 1 0 0 0 0 0
1140 1 0 0 0 0 0 0 0 0
1143 50 5 5 0 0 0 1 0 0
1144 127 1 1 24 7 7 0 0 0
1148 4 1 1 2 0 0 1 0 0
1153 3 0 0 2 0 0 1 0 0
1154 9 1 1 2 0 0 1 0 0
1163 2 0 0 0 0 0 1 0 0
1164 2 0 0 2 1 1 0 0 0
1166 1 0 0 0 0 0 1 0 0
1173 3 1 1 1 0 0 0 0 0
1191 2 0 0 0 0 0 1 0 0
1199 8 0 0 4 0 0 0 0 0
1200 17 0 0 5 1 1 0 0 0
1201 8 0 0 4 0 0 0 0 0
1202 1 0 0 0 0 0 1 0 0
1204 12 0 0 4 0 0 0 0 0
1205 14 0 0 0 0 0 0 0 0
1209 8 0 0 4 3 3 0 0 0
1210 8 0 0 4 0 0 0 0 0
1211 4 0 0 0 0 0 4 0 0
1215 12 0 0 0 0 0 0 0 0
1221 3 1 1 1 1 1 0 0 0
1227 4 0 0 0 0 0 1 1 1
1228 1 0 0 1 0 0 0 0 0
1233 4 0 0 0 0 0 0 0 0
1234 2 0 0 1 0 0 1 0 0
1235 1 0 0 0 0 0 1 0 0
1238 2 0 0 0 0 0 2 1 1
1243 2 1 1 1 0 0 1 0 0
1247 3 0 0 2 1 1 1 0 0
1253 30 0 0 1 0 0 0 0 0
1254 66 0 0 14 0 0 0 0 0
1260 18 0 0 0 0 0 1 0 0
1266 4 0 0 2 0 0 0 0 0
1268 3 1 1 2 0 0 1 0 0
1269 3 0 0 2 0 0 0 0 0
1271 3 0 0 1 0 0 0 0 0
1346 13 2 2 0 0 0 9 1 1
1351 1 0 0 0 0 0 0 0 0
1352 1 0 0 0 0 0 1 0 0
1357 1 0 0 0 0 0 1 1 1
1373 3 0 0 2 0 0 1 0 0
1374 4 1 1 2 0 0 0 0 0
1637 10 1 1 0 0 0 3 0 0
1639 2 0 0 0 0 0 0 0 0
1640 3 1 1 0 0 0 1 0 0
1641 2 0 0 1 0 0 1 0 0
1642 3 0 0 2 0 0 1 0 0
1646 2 0 0 0 0 0 1 0 0
1647 2 0 0 1 0 0 0 0 0
1672 3 1 1 1 0 0 0 0 0
1673 5 0 0 1 0 0 1 0 0
1674 3 0 0 2 0 0 0 0 0
1675 3 0 0 3 0 0 0 0 0
1678 1 0 0 0 0 0 1 0 0
1680 1 1 1 0 0 0 1 1 1
1681 1 0 0 0 0 0 1 0 0
1683 2 0 0 1 0 0 0 0 0
1684 2 0 0 0 0 0 1 0 0
1688 2 0 0 1 0 0 0 0 0
1690 2 1 1 0 0 0 0 0 0
1698 4 0 0 2 0 0 0 0 0
1705 2 1 1 1 0 0 1 0 0
1708 2 1 1 1 0 0 0 0 0
1733 4 1 1 1 0 0 1 0 0
1735 1 0 0 0 0 0 1 0 0
1740 2 0 0 1 0 0 0 0 0
1743 4 1 1 2 0 0 1 0 0
1744 4 0 0 1 0 0 1 0 0
1745 3 1 1 2 0 0 1 0 0
1746 1 0 0 0 0 0 1 0 0
1747 1 0 0 1 0 0 0 0 0
1748 1 0 0 1 0 0 0 0 0
1759 2 0 0 1 1 1 0 0 0
1760 2 0 0 1 0 0 0 0 0
1762 2 1 1 1 0 0 0 0 0
1764 1 0 0 0 0 0 1 0 0
1765 3 0 0 1 0 0 1 0 0
1770 5 1 1 0 0 0 0 0 0
1771 5 0 0 1 1 1 0 0 0
1773 3 2 2 2 1 1 1 1 1
1779 2 0 0 1 1 1 0 0 0
1788 2 1 1 1 0 0 0 0 0
1792 1 0 0 0 0 0 0 0 0
1793 2 0 0 1 0 0 0 0 0
1817 2 1 1 0 0 0 2 0 0
1823 1 0 0 0 0 0 1 0 0
1824 1 0 0 0 0 0 1 0 0
1825 1 0 0 0 0 0 0 0 0
1829 3 0 0 1 0 0 1 0 0
1834 3 1 1 2 0 0 0 0 0
1836 1 0 0 0 0 0 0 0 0
1838 2 0 0 1 0 0 0 0 0
1842 5 1 1 2 0 0 1 0 0
1847 2 0 0 1 0 0 0 0 0
1863 6 1 1 0 0 0 1 0 0
1939 4 0 0 2 0 0 0 0 0
1943 19 2 2 1 0 0 0 0 0
1944 1 0 0 0 0 0 0 0 0
1947 3 0 0 0 0 0 1 0 0
1948 1 1 1 1 0 0 0 0 0
1949 2 0 0 0 0 0 0 0 0
1950 2 0 0 0 0 0 0 0 0
1955 3 0 0 1 0 0 0 0 0
1965 9 1 1 2 0 0 1 0 0
1971 31 1 1 1 0 0 0 0 0
1972 18 0 0 15 0 0 0 0 0
1975 3 0 0 2 0 0 1 0 0
1976 2 1 1 0 0 0 0 0 0
1977 1 0 0 0 0 0 1 0 0
1979 26 0 0 1 0 0 0 0 0
1980 12 0 0 6 0 0 0 0 0
1984 2 1 1 0 0 0 0 0 0
1990 1 1 1 0 0 0 1 0 0
1992 3 0 0 1 0 0 1 0 0
1993 2 0 0 0 0 0 0 0 0
1995 2 0 0 0 0 0 1 0 0
1997 3 0 0 0 0 0 0 0 0
1999 3 1 1 1 0 0 0 0 0
2000 1 0 0 1 0 0 0 0 0
2001 2 0 0 0 0 0 0 0 0
2013 2 0 0 0 0 0 0 0 0
2014 2 0 0 1 0 0 1 0 0
2015 3 0 0 1 0 0 0 0 0
2026 5 0 0 1 0 0 1 0 0
2027 4 0 0 0 0 0 1 0 0
2028 5 1 1 0 0 0 1 0 0
2038 2 0 0 1 0 0 1 0 0
2039 2 0 0 1 0 0 0 0 0
2040 4 1 1 0 0 0 2 0 0
2042 2 0 0 0 0 0 0 0 0
2047 3 0 0 1 0 0 0 0 0
2246 3 0 0 1 0 0 1 0 0
2250 3 0 0 1 0 0 2 0 0
2256 2 1 1 1 0 0 1 0 0
2259 2 0 0 1 0 0 0 0 0
2267 2 0 0 2 0 0 0 0 0
2279 3 1 1 1 0 0 0 0 0
2282 3 0 0 1 0 0 1 0 0
2284 3 0 0 1 0 0 0 0 0
2285 6 0 0 1 0 0 1 0 0
2292 2 0 0 2 1 0 0 0 0
2293 30 0 0 3 1 0 1 0 0
2295 14 1 1 14 3 0 0 0 0
2300 14 0 0 14 7 0 0 0 0
2302 16 0 0 0 0 0 0 0 0
2304 1 1 1 0 0 0 1 0 0
2305 1 0 0 1 0 0 0 0 0
2308 7 0 0 7 0 0 0 0 0
2310 14 0 0 0 0 0 0 0 0
2311 48 0 0 12 6 0 6 0 0
2315 22 1 1 11 5 0 0 0 0
2316 12 0 0 0 0 0 4 0 0
2325 2 0 0 1 0 0 0 0 0
2329 4 0 0 2 0 0 0 0 0
2331 1 0 0 1 0 0 0 0 0
2338 4 1 1 1 0 0 1 0 0
2341 2 0 0 1 0 0 0 0 0
2345 3 1 1 2 1 0 0 0 0
2347 2 0 0 1 0 0 0 0 0
2357 1 1 1 0 0 0 1 0 0
2362 3 0 0 1 0 0 1 0 0
2365 1 0 0 0 0 0 1 0 0
2371 1 0 0 1 0 0 0 0 0
2372 5 1 1 2 0 0 1 0 0
2380 3 0 0 1 0 0 1 0 0
2387 1 0 0 0 0 0 1 0 0
2390 3 0 0 0 0 0 1 0 0
2394 3 0 0 0 0 0 1 0 0
2395 1 0 0 0 0 0 1 1 0
2396 1 0 0 0 0 0 1 0 0
2397 1 0 0 0 0 0 0 0 0
2401 1 0 0 0 0 0 1 0 0
2406 8 0 0 7 2 0 0 0 0
2538 1 0 0 1 0 0 0 0 0
2598 1 0 0 0 0 0 1 0 0
2600 2 0 0 0 0 0 0 0 0
2602 15 1 1 0 0 0 3 0 0
2604 2 0 0 0 0 0 0 0 0
2606 107 0 0 21 0 0 0 0 0
2607 19 0 0 0 0 0 0 0 0
2615 13 1 1 2 2 2 0 0 0
2640 2 1 1 1 0 0 0 0 0
2650 4 1 1 2 0 0 0 0 0
2652 2 0 0 0 0 0 1 0 0
2653 1 0 0 0 0 0 0 0 0
2687 5 2 2 2 0 0 0 0 0
2689 2 0 0 0 0 0 1 0 0
2690 2 0 0 0 0 0 1 0 0
2691 1 0 0 0 0 0 0 0 0
2727 5 0 0 1 0 0 0 0 0
2749 3 0 0 1 0 0 0 0 0
fn=handle_preload_list
183 3 0 0 1 0 0 0 0 0
806 1 0 0 0 0 0 1 0 0
810 2 0 0 0 0 0 1 0 0
811 2 0 0 1 0 0 1 0 0
812 1 0 0 0 0 0 1 0 0
814 1 0 0 1 0 0 0 0 0
816 6 1 1 0 0 0 1 0 0
817 3 0 0 1 0 0 0 0 0
825 3 0 0 1 0 0 0 0 0
869 13 2 2 1 1 1 8 1 1
870 3 0 0 0 0 0 0 0 0
874 5 0 0 2 0 0 0 0 0
877 4 1 1 0 0 0 1 0 0
878 3 0 0 0 0 0 0 0 0
880 4 1 1 0 0 0 1 0 0
881 2 0 0 0 0 0 1 0 0
887 1 0 0 0 0 0 0 0 0
889 2 0 0 1 0 0 0 0 0
891 2 1 1 1 0 0 0 0 0
892 1 0 0 0 0 0 0 0 0
895 9 0 0 7 0 0 0 0 0
fn=init_tls
734 4 1 1 0 0 0 3 0 0
736 2 0 0 1 0 0 1 0 0
740 3 0 0 1 1 0 0 0 0
746 2 0 0 0 0 0 1 1 1
749 1 0 0 0 0 0 1 0 0
750 1 0 0 0 0 0 0 0 0
751 1 0 0 0 0 0 0 0 0
755 1 0 0 0 0 0 0 0 0
757 1 0 0 0 0 0 1 0 0
761 2 1 1 1 1 1 0 0 0
762 2 0 0 0 0 0 0 0 0
763 18 0 0 1 0 0 0 0 0
764 7 1 1 7 0 0 0 0 0
765 14 1 1 7 2 0 0 0 0
769 12 0 0 0 0 0 4 1 1
771 4 0 0 0 0 0 0 0 0
773 3 0 0 1 0 0 0 0 0
776 2 0 0 0 0 0 1 0 0
779 1 0 0 0 0 0 1 0 0
786 2 1 1 0 0 0 1 0 0
787 2 0 0 0 0 0 0 0 0
793 2 0 0 1 0 0 1 0 0
797 1 0 0 0 0 0 1 0 0
800 5 0 0 4 0 0 0 0 0
fn=map_doit
641 6 1 1 0 0 0 2 1 1
643 4 0 0 1 0 0 0 0 0
644 6 0 0 2 0 0 2 0 0
646 3 0 0 3 0 0 0 0 0
fn=version_check_doit
674 6 2 2 0 0 0 2 0 0
676 6 0 0 2 0 0 1 0 0
680 3 0 0 3 0 0 0 0 0
fl=./elf/./get-dynamic-info.h
fn=_dl_start
45 75 0 0 19 5 5 0 0 0
49 36 0 0 0 0 0 0 0 0
51 10 0 0 0 0 0 0 0 0
52 5 1 1 0 0 0 0 0 0
54 20 0 0 0 0 0 0 0 0
55 16 0 0 0 0 0 0 0 0
56 5 0 0 0 0 0 0 0 0
59 4 1 1 0 0 0 0 0 0
62 4 1 1 0 0 0 0 0 0
64 4 0 0 0 0 0 0 0 0
68 18 0 0 0 0 0 18 7 7
72 3 0 0 0 0 0 0 0 0
84 4 0 0 2 0 0 0 0 0
85 3 0 0 1 0 0 0 0 0
86 4 1 1 2 0 0 0 0 0
87 4 0 0 2 0 0 0 0 0
88 5 0 0 2 0 0 0 0 0
89 3 1 1 1 0 0 0 0 0
90 4 0 0 2 0 0 0 0 0
91 4 0 0 2 0 0 0 0 0
103 10 2 2 2 0 0 1 0 0
110 3 0 0 1 1 1 0 0 0
123 3 2 2 2 0 0 0 0 0
129 3 0 0 1 0 0 0 0 0
130 3 0 0 2 0 0 0 0 0
133 2 0 0 1 0 0 0 0 0
134 3 0 0 1 0 0 0 0 0
139 5 1 1 2 0 0 0 0 0
142 5 0 0 2 0 0 0 0 0
fn=dl_main
39 4 0 0 2 0 0 0 0 0
43 1 0 0 0 0 0 0 0 0
45 119 0 0 30 8 8 0 0 0
49 58 1 1 0 0 0 0 0 0
51 12 0 0 0 0 0 0 0 0
52 6 0 0 0 0 0 0 0 0
54 25 0 0 0 0 0 0 0 0
55 21 0 0 0 0 0 0 0 0
56 5 1 1 0 0 0 0 0 0
59 4 0 0 0 0 0 0 0 0
62 4 1 1 0 0 0 0 0 0
64 4 0 0 0 0 0 0 0 0
68 29 0 0 0 0 0 29 8 8
72 7 1 1 4 0 0 0 0 0
84 3 0 0 1 0 0 0 0 0
85 5 1 1 3 0 0 0 0 0
86 5 0 0 3 0 0 0 0 0
87 5 0 0 3 0 0 0 0 0
88 4 0 0 2 0 0 0 0 0
89 5 1 1 3 0 0 0 0 0
90 5 0 0 3 0 0 0 0 0
91 5 1 1 3 0 0 0 0 0
103 9 0 0 3 0 0 1 0 0
110 3 0 0 1 0 0 0 0 0
115 2 1 1 1 0 0 0 0 0
122 3 0 0 2 0 0 0 0 0
123 4 1 1 3 0 0 0 0 0
129 3 0 0 1 0 0 0 0 0
147 4 0 0 2 0 0 0 0 0
152 2 1 1 1 0 0 1 1 1
154 2 0 0 0 0 0 0 0 0
156 2 0 0 0 0 0 0 0 0
158 2 0 0 0 0 0 0 0 0
159 2 0 0 1 0 0 1 0 0
162 4 1 1 2 0 0 0 0 0
164 3 0 0 1 0 0 1 0 0
165 2 0 0 0 0 0 0 0 0
174 2 0 0 1 0 0 0 0 0
175 3 1 1 0 0 0 0 0 0
180 2 0 0 0 0 0 0 0 0
181 3 1 1 2 0 0 1 0 0
184 3 0 0 2 0 0 0 0 0
fl=./elf/./setup-vdso.h
fn=dl_main
24 2 0 0 1 0 0 0 0 0
fl=./iconv/./iconv/gconv_simple.c
fn=__gconv_btwoc_ascii
49 128 1 1 0 0 0 0 0 0
51 512 0 0 0 0 0 0 0 0
54 128 0 0 128 0 0 0 0 0
fl=./io/../sysdeps/unix/sysv/linux/access.c
fn=access
25 1 0 0 0 0 0 0 0 0
27 7 0 0 0 0 0 1 0 0
31 1 0 0 1 0 0 0 0 0
fl=./io/../sysdeps/unix/sysv/linux/close_nocancel.c
fn=__GI___close_nocancel
25 6 1 1 0 0 0 0 0 0
26 24 0 0 0 0 0 0 0 0
27 6 0 0 6 0 0 0 0 0
fl=./io/../sysdeps/unix/sysv/linux/fstat64.c
fn=fstat
30 7 2 2 0 0 0 0 0 0
39 28 2 2 0 0 0 0 0 0
72 7 0 0 7 0 0 0 0 0
fl=./io/../sysdeps/unix/sysv/linux/fstatat64.c
fn=fstatat
91 6 0 0 0 0 0 0 0 0
146 6 0 0 0 0 0 0 0 0
160 4 1 1 0 0 0 2 0 0
161 11 0 0 2 0 0 0 0 0
162 1 0 0 1 0 0 0 0 0
fl=./io/../sysdeps/unix/sysv/linux/open64_nocancel.c
fn=__open_nocancel
28 48 1 1 0 0 0 24 3 3
31 84 0 0 0 0 0 0 0 0
39 102 1 1 0 0 0 6 0 0
41 24 0 0 24 0 0 0 0 0
fl=./io/../sysdeps/unix/sysv/linux/pread64_nocancel.c
fn=__pread64_nocancel
25 4 0 0 0 0 0 0 0 0
26 8 0 0 0 0 0 0 0 0
27 2 0 0 2 0 0 0 0 0
fl=./io/../sysdeps/unix/sysv/linux/read_nocancel.c
fn=__read_nocancel
25 5 1 1 0 0 0 0 0 0
26 20 0 0 0 0 0 0 0 0
27 5 0 0 5 0 0 0 0 0
fl=./io/../sysdeps/unix/sysv/linux/stat64.c
fn=stat
28 6 0 0 0 0 0 0 0 0
29 12 0 0 0 0 0 0 0 0
fl=./io/../sysdeps/unix/sysv/linux/write.c
fn=write
25 1 1 1 0 0 0 0 0 0
26 6 0 0 1 0 0 0 0 0
27 1 0 0 1 0 0 0 0 0
fl=./libio/./libio/filedoalloc.c
fn=_IO_file_doallocate
78 11 2 2 1 0 0 5 0 0
84 9 1 1 3 1 0 1 1 1
86 4 0 0 1 1 1 0 0 0
97 4 0 0 1 0 0 0 0 0
101 3 0 0 0 0 0 1 0 0
102 2 0 0 0 0 0 0 0 0
104 4 1 1 0 0 0 1 0 0
105 1 0 0 0 0 0 0 0 0
106 9 0 0 7 0 0 0 0 0
fl=./libio/./libio/fileops.c
fn=_IO_do_write@@GLIBC_2.2.5
424 13 2 1 0 0 0 6 0 0
426 10 0 0 0 0 0 0 0 0
427 9 0 0 8 0 0 0 0 0
434 2 1 1 1 0 0 0 0 0
441 4 0 0 2 0 0 0 0 0
444 1 0 0 1 0 0 0 0 0
449 5 0 0 1 0 0 1 0 0
450 5 1 1 1 0 0 0 0 0
452 3 0 0 1 0 0 2 0 0
453 2 0 0 0 0 0 1 0 0
454 1 0 0 0 0 0 1 0 0
455 3 1 1 1 0 0 0 0 0
456 5 0 0 2 0 0 0 0 0
fn=_IO_file_overflow@@GLIBC_2.2.5
732 8 2 2 0 0 0 4 1 1
733 4 0 0 1 0 0 0 0 0
740 3 0 0 1 0 0 0 0 0
743 2 1 1 0 0 0 0 0 0
745 2 1 1 0 0 0 1 0 0
746 6 0 0 1 0 0 2 0 0
755 3 1 1 1 0 0 0 0 0
764 3 0 0 1 0 0 0 0 0
765 1 0 0 0 0 0 0 0 0
766 1 0 0 0 0 0 1 0 0
767 1 0 0 0 0 0 1 0 0
768 1 0 0 0 0 0 1 0 0
769 3 0 0 1 0 0 2 0 0
771 3 0 0 0 0 0 1 0 0
772 5 1 1 1 0 0 0 0 0
775 2 1 1 0 0 0 0 0 0
776 2 0 0 0 0 0 0 0 0
777 1 0 0 0 0 0 0 0 0
788 5 0 0 4 0 0 0 0 0
fn=_IO_file_setbuf@@GLIBC_2.2.5
382 6 1 1 0 0 0 2 0 0
383 3 0 0 0 0 0 1 0 0
386 1 0 0 1 0 0 0 0 0
388 3 0 0 0 0 0 3 0 0
390 2 0 0 0 0 0 0 0 0
391 3 0 0 3 0 0 0 0 0
fn=_IO_file_stat
1147 1 1 1 0 0 0 0 0 0
1148 2 0 0 1 0 0 0 0 0
fn=_IO_file_sync@@GLIBC_2.2.5
793 77 1 1 0 0 0 33 0 0
798 44 0 0 22 1 1 0 0 0
799 7 2 2 1 0 0 1 0 0
800 11 1 1 11 0 0 0 0 0
801 22 0 0 11 0 0 0 0 0
812 22 0 0 0 0 0 11 0 0
816 55 0 0 44 0 0 0 0 0
fn=_IO_file_write@@GLIBC_2.2.5
1174 8 1 1 0 0 0 5 0 0
1175 2 0 0 0 0 0 0 0 0
1176 6 0 0 0 0 0 0 0 0
1180 3 1 1 1 0 0 0 0 0
1181 3 0 0 1 0 0 1 0 0
1182 2 0 0 0 0 0 0 0 0
1187 1 0 0 0 0 0 0 0 0
1188 1 0 0 0 0 0 0 0 0
1190 3 1 0 0 0 0 0 0 0
1191 3 0 0 1 0 0 0 0 0
1194 6 0 0 6 0 0 0 0 0
fn=_IO_file_xsputn@@GLIBC_2.2.5
1198 9 1 1 0 0 0 6 1 1
1200 1 1 1 0 0 0 0 0 0
1204 4 1 1 0 0 0 0 0 0
1205 1 0 0 0 0 0 0 0 0
1211 4 0 0 1 0 0 0 0 0
1213 2 0 0 1 0 0 0 0 0
1228 3 0 0 1 0 0 0 0 0
1244 6 0 0 2 0 0 1 0 0
1250 2 0 0 2 0 0 0 0 0
1251 5 1 1 0 0 0 0 0 0
1253 3 0 0 0 0 0 0 0 0
1264 2 0 0 0 0 0 0 0 0
1265 4 0 0 0 0 0 1 0 0
1267 3 0 0 0 0 0 0 0 0
1268 9 1 1 7 0 0 0 0 0
fl=./libio/./libio/genops.c
fn=_IO_cleanup
776 6 0 0 0 0 0 3 0 0
777 10 2 2 5 0 0 2 0 0
780 13 1 1 4 0 0 0 0 0
784 3 0 0 0 0 0 3 0 0
785 36 2 2 15 0 0 6 0 0
792 7 0 0 0 0 0 0 0 0
794 6 0 0 2 0 0 0 0 0
796 4 1 1 1 0 0 0 0 0
798 2 0 0 0 0 0 1 0 0
800 3 0 0 2 0 0 1 0 0
801 1 0 0 0 0 0 1 0 0
805 5 0 0 2 0 0 1 0 0
807 3 0 0 1 0 0 0 0 0
814 3 0 0 0 0 0 3 0 0
816 30 2 2 7 0 0 6 0 0
817 3 1 1 0 0 0 3 0 0
821 7 0 0 2 0 0 2 0 0
822 2 0 0 0 0 0 1 0 0
842 12 2 2 1 0 0 7 0 0
843 2 0 0 0 0 0 1 0 0
855 12 1 1 9 0 0 0 0 0
fn=_IO_default_setbuf
330 5 0 0 1 0 0 0 0 0
332 1 0 0 0 0 0 1 0 0
333 1 0 0 0 0 0 1 0 0
337 2 0 0 0 0 0 1 0 0
452 10 1 1 0 0 0 5 0 0
453 5 1 1 2 0 0 1 0 0
455 4 0 0 0 0 0 0 0 0
457 3 1 1 1 0 0 1 0 0
458 2 1 1 0 0 0 0 0 0
462 1 0 0 0 0 0 0 0 0
466 4 0 0 0 0 0 3 0 0
467 1 0 0 0 0 0 0 0 0
468 6 0 0 6 0 0 0 0 0
fn=_IO_default_xsputn
371 11 1 1 0 0 0 7 0 0
373 2 0 0 0 0 0 0 0 0
374 4 0 0 0 0 0 0 0 0
375 1 1 1 1 0 0 0 0 0
379 4 1 1 2 0 0 0 0 0
381 1 0 0 0 0 0 0 0 0
382 2 0 0 0 0 0 0 0 0
384 2 0 0 0 0 0 0 0 0
386 4 0 0 0 0 0 2 0 0
387 2 0 0 0 0 0 0 0 0
397 1 1 1 0 0 0 0 0 0
399 2 0 0 0 0 0 0 0 0
404 8 0 0 7 0 0 0 0 0
fn=_IO_doallocbuf
343 8 1 1 0 0 0 4 0 0
344 2 0 0 1 0 0 0 0 0
346 3 0 0 1 0 0 0 0 0
347 5 1 1 2 1 0 1 1 1
350 6 1 1 5 0 0 0 0 0
fn=_IO_flush_all
686 12 1 1 1 0 0 7 0 0
687 3 1 1 0 0 0 0 0 0
691 6 1 1 0 0 0 3 0 0
692 9 2 2 4 1 1 2 0 0
695 12 0 0 4 0 0 0 0 0
697 3 1 1 0 0 0 3 0 0
698 36 1 1 15 2 0 6 0 0
700 21 2 2 9 2 1 0 0 0
708 33 2 2 12 0 0 6 0 0
709 3 0 0 0 0 0 3 0 0
713 7 2 2 2 0 0 2 0 0
714 2 0 0 0 0 0 1 0 0
718 12 0 0 9 0 0 0 0 0
fn=_IO_setb
329 11 2 2 0 0 0 5 0 0
330 4 0 0 2 0 0 0 0 0
332 1 0 0 0 0 0 1 0 0
333 1 0 0 0 0 0 1 0 0
335 6 0 0 0 0 0 1 0 0
338 6 0 0 6 0 0 0 0 0
fl=./libio/./libio/iofflush.c
fn=fflush
32 60 2 2 0 0 0 30 0 0
33 20 0 0 0 0 0 0 0 0
39 120 4 4 50 4 0 20 0 0
40 50 0 0 20 2 0 10 0 0
44 50 0 0 40 0 0 0 0 0
fl=./libio/./libio/libioP.h
fn=_IO_cleanup
1025 3 1 1 0 0 0 0 0 0
1026 2 0 0 0 0 0 0 0 0
fn=_IO_default_setbuf
1025 3 0 0 0 0 0 0 0 0
1026 2 0 0 0 0 0 0 0 0
fn=_IO_default_xsputn
1025 1 0 0 0 0 0 0 0 0
fn=_IO_do_write@@GLIBC_2.2.5
1025 3 1 1 0 0 0 0 0 0
1026 2 0 0 0 0 0 0 0 0
fn=_IO_doallocbuf
1025 3 0 0 0 0 0 0 0 0
1026 2 0 0 0 0 0 0 0 0
fn=_IO_file_doallocate
1025 3 0 0 0 0 0 0 0 0
1026 2 0 0 0 0 0 0 0 0
fn=_IO_file_xsputn@@GLIBC_2.2.5
1025 3 0 0 0 0 0 0 0 0
1026 2 0 0 0 0 0 0 0 0
fn=_IO_flush_all
1025 2 0 0 0 0 0 0 0 0
fn=fflush
979 20 0 0 10 0 0 0 0 0
980 80 0 0 30 0 0 20 0 0
1025 30 0 0 0 0 0 0 0 0
1026 20 0 0 0 0 0 0 0 0
fl=./libio/./libio/vtables.c
fn=check_stdfiles_vtables
545 1 1 1 0 0 0 0 0 0
546 4 0 0 2 2 0 0 0 0
547 3 1 1 2 1 0 0 0 0
548 3 0 0 2 1 0 0 0 0
550 1 0 0 1 0 0 0 0 0
fl=./locale/./locale/newlocale.c
fn=newlocale
43 15 2 2 1 0 0 8 0 0
55 2 0 0 0 0 0 0 0 0
56 1 0 0 0 0 0 1 0 0
63 2 1 1 0 0 0 0 0 0
66 3 0 0 0 0 0 0 0 0
73 4 2 2 2 0 0 0 0 0
75 1 0 0 0 0 0 0 0 0
277 12 1 1 9 0 0 0 0 0
fl=./locale/./locale/uselocale.c
fn=uselocale
30 2 1 1 0 0 0 0 0 0
31 6 1 1 4 0 0 0 0 0
33 4 0 0 0 0 0 0 0 0
36 4 0 0 0 0 0 0 0 0
37 2 0 0 0 0 0 2 0 0
65 6 0 0 4 1 0 2 0 0
66 6 0 0 4 0 0 2 0 0
68 6 1 1 4 0 0 2 0 0
72 6 0 0 0 0 0 0 0 0
73 2 0 0 2 0 0 0 0 0
fl=./malloc/../string/bits/string_fortified.h
fn=tcache_init.part.0
59 88 1 1 0 0 0 81 9 9
fl=./malloc/../sysdeps/unix/sysv/linux/not-cancel.h
fn=ptmalloc_init.part.0
97 6 1 1 0 0 0 0 0 0
fl=./malloc/./malloc/arena.c
fn=malloc
153 6 0 0 0 0 0 0 0 0
264 1 1 1 0 0 0 1 0 0
fn=ptmalloc_init.part.0
262 8 1 1 1 0 0 4 0 0
267 1 0 0 0 0 0 1 0 0
292 2 1 1 1 1 0 0 0 0
296 3 0 0 1 1 0 1 1 0
300 4 0 0 0 0 0 1 0 0
301 4 1 1 0 0 0 1 0 0
302 4 0 0 0 0 0 1 0 0
303 4 0 0 0 0 0 1 0 0
304 4 1 1 0 0 0 1 0 0
305 4 0 0 0 0 0 1 0 0
306 4 0 0 0 0 0 1 0 0
308 4 1 1 0 0 0 1 0 0
309 4 0 0 0 0 0 1 0 0
310 4 0 0 0 0 0 1 0 0
313 4 0 0 0 0 0 1 0 0
314 4 1 1 0 0 0 1 0 0
316 2 0 0 1 1 1 0 0 0
326 8 0 0 6 0 0 0 0 0
fl=./malloc/./malloc/malloc.c
fn=_int_malloc
1326 8 0 0 0 0 0 0 0 0
1345 24 0 0 0 0 0 0 0 0
1794 4 1 1 4 0 0 0 0 0
2008 8 1 1 2 0 0 0 0 0
2017 2 1 1 2 0 0 0 0 0
2552 12 1 1 4 1 0 4 0 0
2553 1 1 1 0 0 0 1 0 0
2564 4 1 1 2 0 0 0 0 0
2565 3 0 0 2 0 0 0 0 0
2568 4 0 0 1 0 0 0 0 0
2576 6 0 0 1 0 0 2 1 1
2577 2 0 0 0 0 0 0 0 0
2589 4 0 0 1 0 0 1 0 0
2590 2 0 0 0 0 0 1 0 0
2599 4 1 1 0 0 0 0 0 0
2608 3 1 1 0 0 0 0 0 0
2669 3 1 1 1 0 0 1 0 0
2677 2 0 0 1 0 0 0 0 0
2678 3 0 0 1 0 0 1 0 0
2691 3 1 1 1 0 0 0 0 0
2693 1 0 0 1 0 0 0 0 0
2699 5 0 0 1 0 0 1 0 0
2707 2 0 0 0 0 0 0 0 0
2709 4 2 2 0 0 0 2 0 0
2710 3 0 0 1 0 0 0 0 0
2711 1 0 0 0 0 0 0 0 0
2712 1 0 0 0 0 0 0 0 0
2715 2 0 0 0 0 0 0 0 0
2744 3 0 0 1 1 1 0 0 0
2745 1 1 1 0 0 0 1 0 0
2746 2 0 0 0 0 0 1 0 0
2752 8 0 0 1 0 0 0 0 0
2755 4 1 1 2 0 0 0 0 0
2782 2 0 0 0 0 0 0 0 0
2783 1 0 0 0 0 0 0 0 0
2795 3 1 1 0 0 0 0 0 0
2814 2 0 0 1 0 0 0 0 0
2817 2 0 0 0 0 0 0 0 0
2818 6 1 1 1 0 0 0 0 0
2820 1 0 0 0 0 0 0 0 0
2821 6 0 0 0 0 0 4 0 0
2833 5 0 0 3 0 0 0 0 0
2873 1 0 0 0 0 0 0 0 0
2875 1 0 0 0 0 0 1 0 0
2876 5 0 0 0 0 0 1 1 1
2877 1 0 0 1 0 0 0 0 0
2888 3 1 1 1 0 0 0 0 0
2921 3 1 1 2 0 0 0 0 0
2922 1 0 0 0 0 0 1 0 0
2926 1 0 0 1 0 0 0 0 0
2930 5 1 1 2 0 0 0 0 0
2932 1 0 0 0 0 0 0 0 0
2933 1 0 0 0 0 0 0 0 0
2934 1 0 0 0 0 0 1 0 0
2935 7 0 0 0 0 0 1 0 0
2936 2 0 0 0 0 0 1 1 1
2938 1 0 0 0 0 0 0 0 0
3846 44 2 2 4 0 0 28 2 2
3882 1 0 0 0 0 0 0 0 0
3887 8 0 0 0 0 0 0 0 0
3914 8 0 0 0 0 0 0 0 0
3977 8 1 1 0 0 0 0 0 0
3979 6 0 0 0 0 0 0 0 0
3980 2 1 1 0 0 0 0 0 0
3982 3 0 0 1 0 0 0 0 0
4039 57 1 1 0 0 0 0 0 0
4040 9 0 0 3 0 0 0 0 0
4058 10 0 0 3 0 0 0 0 0
4059 12 0 0 0 0 0 4 1 1
4060 12 1 1 8 0 0 0 0 0
4070 21 2 2 4 0 0 4 0 0
4257 12 1 1 0 0 0 0 0 0
4259 12 0 0 0 0 0 0 0 0
4262 9 0 0 3 0 0 0 0 0
4263 4 1 1 0 0 0 0 0 0
4330 4 0 0 0 0 0 0 0 0
4331 8 0 0 0 0 0 0 0 0
4332 8 0 0 0 0 0 0 0 0
4333 8 0 0 4 0 0 0 0 0
4334 24 0 0 0 0 0 0 0 0
4339 16 1 1 0 0 0 0 0 0
4343 18 1 1 0 0 0 0 0 0
4346 8 1 1 2 0 0 0 0 0
4443 4 1 1 4 0 0 0 0 0
4444 8 0 0 4 0 0 0 0 0
4446 8 0 0 4 1 0 0 0 0
4449 12 0 0 0 0 0 0 0 0
4451 2 0 0 0 0 0 0 0 0
4452 4 0 0 0 0 0 0 0 0
4453 2 0 0 0 0 0 2 0 0
4454 16 1 1 0 0 0 2 0 0
4456 4 0 0 0 0 0 2 2 2
4459 4 0 0 0 0 0 0 0 0
4460 12 1 1 0 0 0 4 1 1
4461 4 0 0 0 0 0 0 0 0
4466 8 0 0 2 0 0 2 0 0
4482 3 0 0 0 0 0 0 0 0
4487 48 2 2 36 0 0 0 0 0
fn=_mid_memalign.isra.0
3575 7 1 1 0 0 0 4 0 0
3581 2 0 0 0 0 0 0 0 0
3582 2 0 0 0 0 0 0 0 0
3662 5 1 1 4 0 0 0 0 0
fn=aligned_alloc
3556 7 2 2 0 0 0 3 1 1
3557 2 0 0 1 0 0 0 0 0
3564 5 0 0 0 0 0 0 0 0
3571 3 0 0 0 0 0 0 0 0
3572 3 0 0 3 0 0 0 0 0
fn=alloc_perturb
1985 12 1 1 4 0 0 0 0 0
1987 4 0 0 4 0 0 0 0 0
fn=free
3359 7 1 1 0 0 0 4 0 0
3363 2 0 0 0 0 0 0 0 0
3371 2 0 0 2 0 0 0 0 0
3373 1 0 0 0 0 0 0 0 0
3375 3 1 1 1 0 0 0 0 0
3379 3 1 1 1 1 0 0 0 0
3381 4 0 0 1 1 0 0 0 0
3388 2 1 1 0 0 0 1 0 0
3401 1 0 0 0 0 0 1 0 0
3402 6 0 0 5 0 0 0 0 0
fn=malloc
1326 6 0 0 0 0 0 0 0 0
1345 15 0 0 0 0 0 0 0 0
3248 4 1 1 2 0 0 1 0 0
3294 24 2 2 0 0 0 12 0 0
3301 6 0 0 3 1 1 0 0 0
3311 6 0 0 0 0 0 0 0 0
3313 12 1 1 6 0 0 0 0 0
3316 6 0 0 3 0 0 0 0 0
3326 6 0 0 3 0 0 0 0 0
3328 12 1 1 0 0 0 3 1 1
3329 15 0 0 3 0 0 0 0 0
3354 18 1 1 15 0 0 0 0 0
fn=malloc_usable_size
5241 3 0 0 1 0 0 0 0 0
5242 3 0 0 0 0 0 0 0 0
5252 1 1 1 0 0 0 0 0 0
5253 2 0 0 0 0 0 0 0 0
5256 1 1 1 1 0 0 0 0 0
fn=munmap_chunk
3024 2 1 1 0 0 0 1 0 0
3025 2 0 0 2 1 0 0 0 0
3026 3 0 0 1 0 0 0 0 0
3028 2 0 0 0 0 0 0 0 0
3030 1 0 0 0 0 0 0 0 0
3031 3 0 0 1 0 0 0 0 0
3032 1 0 0 0 0 0 0 0 0
3038 4 0 0 0 0 0 0 0 0
3039 5 1 1 0 0 0 0 0 0
3042 1 0 0 2 0 0 0 0 0
3043 3 0 0 2 0 0 0 0 0
3048 2 0 0 0 0 0 0 0 0
3049 1 0 0 1 0 0 0 0 0
fn=ptmalloc_init.part.0
1946 385 1 1 0 0 0 0 0 0
1949 381 0 0 0 0 0 127 33 32
1957 1 0 0 0 0 0 1 0 0
1958 1 0 0 0 0 0 1 1 1
1960 1 0 0 0 0 0 1 0 0
3143 2 0 0 0 0 0 0 0 0
fn=sysmalloc_mmap.isra.0
2008 4 0 0 1 0 0 0 0 0
2400 6 1 1 0 0 0 4 0 0
2413 3 0 0 0 0 0 0 0 0
2418 2 0 0 0 0 0 0 0 0
2421 10 1 1 0 0 0 1 0 0
2424 2 1 1 0 0 0 0 0 0
2428 2 0 0 0 0 0 0 0 0
2432 4 0 0 0 0 0 1 0 0
2448 3 0 0 0 0 0 0 0 0
2466 1 0 0 0 0 0 1 1 1
2467 3 1 1 0 0 0 1 0 0
2471 3 0 0 2 0 0 0 0 0
2472 5 0 0 2 0 0 0 0 0
2475 3 1 1 2 0 0 0 0 0
2476 5 0 0 2 0 0 0 0 0
2481 7 0 0 5 0 0 0 0 0
fn=tcache_init.part.0
3242 4 1 1 0 0 0 2 0 0
3251 8 0 0 3 0 0 0 0 0
3252 3 1 1 0 0 0 1 0 0
3253 2 0 0 0 0 0 0 0 0
3261 4 0 0 2 0 0 0 0 0
3270 2 0 0 1 0 0 1 0 0
3274 3 0 0 3 0 0 0 0 0
fl=./malloc/./malloc/morecore.c
fn=__glibc_morecore
25 6 1 1 0 0 0 2 0 0
26 4 0 0 2 0 0 0 0 0
29 2 0 0 0 0 0 2 0 0
30 4 0 0 0 0 0 0 0 0
34 4 0 0 4 0 0 0 0 0
fl=./malloc/./malloc/scratch_buffer_set_array_size.c
fn=__libc_scratch_buffer_set_array_size
30 65 1 1 0 0 0 20 0 0
34 5 0 0 0 0 0 0 0 0
35 10 0 0 0 0 0 0 0 0
45 10 0 0 5 0 0 0 0 0
46 5 0 0 0 0 0 0 0 0
63 30 1 1 25 0 0 0 0 0
fl=./math/../sysdeps/ieee754/dbl-64/s_sin.c
fn=__sincos_fma
104 30614 2 1 3584 0 0 0 0 0
105 41036 4 2 10746 0 0 0 0 0
107 10752 1 1 3584 0 0 0 0 0
108 21498 0 0 0 0 0 0 0 0
111 14330 0 0 0 0 0 0 0 0
112 53742 3 1 7168 0 0 0 0 0
113 60910 2 2 10752 0 0 3584 0 0
114 53760 1 1 14336 0 0 3584 0 0
115 42990 1 1 3584 0 0 0 0 0
116 14330 0 0 0 0 0 0 0 0
128 51788 1 1 23128 6 1 0 0 0
129 34006 11 5 20456 12 2 0 0 0
133 43428 2 1 9018 0 0 0 0 0
134 17724 2 1 2850 0 0 0 0 0
135 21492 3 1 10746 6 1 0 0 0
136 21492 1 1 0 0 0 0 0 0
139 12024 0 0 0 0 0 0 0 0
140 82506 4 2 18036 0 0 7356 0 0
141 91524 1 1 27054 0 0 0 0 0
142 150444 3 1 42984 330 55 0 0 0
143 55452 3 1 10362 0 0 0 0 0
144 49758 0 0 1662 0 0 0 0 0
156 26394 0 0 17596 12 2 0 0 0
157 8798 0 0 0 0 0 0 0 0
159 17596 3 1 17596 0 0 0 0 0
160 17596 0 0 0 0 0 0 0 0
164 35192 0 0 8798 0 0 0 0 0
165 17596 0 0 0 0 0 0 0 0
168 26394 0 0 8798 0 0 0 0 0
169 26394 0 0 0 0 0 0 0 0
fl=./math/../sysdeps/ieee754/dbl-64/s_sincos.c
fn=__sincos_fma
37 186368 2 1 14336 6 0 86016 0 0
44 43008 0 0 0 0 0 0 0 0
46 28672 0 0 0 0 0 0 0 0
50 11076 0 0 0 0 0 0 0 0
53 11100 3 1 5544 12 2 0 0 0
54 6 0 0 0 0 0 6 0 0
55 12 0 0 6 6 1 6 0 0
59 11064 1 1 0 0 0 0 0 0
61 1948 0 0 0 0 0 1948 0 0
62 1948 0 0 0 0 0 1948 0 0
63 1948 0 0 0 0 0 0 0 0
67 7168 0 0 3584 0 0 0 0 0
68 7168 0 0 3584 6 1 0 0 0
69 7168 0 0 0 0 0 0 0 0
70 14336 0 0 0 0 0 3584 0 0
71 3584 0 0 0 0 0 3584 0 0
72 3584 0 0 0 0 0 0 0 0
75 17596 0 0 0 0 0 0 0 0
81 17596 3 1 0 0 0 0 0 0
84 26394 0 0 0 0 0 0 0 0
86 14012 3 1 7006 0 0 0 0 0
87 7006 0 0 0 0 0 0 0 0
90 33238 0 0 0 0 0 0 0 0
97 8798 0 0 0 0 0 8798 0 0
99 29816 0 0 3422 0 0 8798 0 0
100 8798 0 0 0 0 0 0 0 0
107 143360 3 1 114688 0 0 0 0 0
fl=./math/../sysdeps/x86/fpu/fenv_private.h
fn=__sincos_fma
415 14336 0 0 0 0 0 14336 0 0
416 57344 0 0 14336 0 0 14336 0 0
419 57344 3 1 0 0 0 0 0 0
431 28672 0 0 0 0 0 0 0 0
fl=./math/../sysdeps/x86_64/fpu/multiarch/e_asin.c
fn=__acos_finite@GLIBC_2.15
35 1 1 1 0 0 0 0 0 0
fn=__asin_finite@GLIBC_2.15
27 2 1 1 1 0 0 0 0 0
fl=./math/../sysdeps/x86_64/fpu/multiarch/e_atan2.c
fn=__atan2_finite@GLIBC_2.15
26 2 1 1 1 0 0 0 0 0
fl=./math/../sysdeps/x86_64/fpu/multiarch/e_exp.c
fn=__exp_finite@GLIBC_2.15
27 2 2 2 1 0 0 0 0 0
fl=./math/../sysdeps/x86_64/fpu/multiarch/e_exp2f.c
fn=exp2f@@GLIBC_2.27
27 2 1 1 1 0 0 0 0 0
fl=./math/../sysdeps/x86_64/fpu/multiarch/e_expf.c
fn=expf@@GLIBC_2.27
27 2 1 1 1 0 0 0 0 0
fl=./math/../sysdeps/x86_64/fpu/multiarch/e_log.c
fn=__log_finite@GLIBC_2.15
27 2 2 2 1 0 0 0 0 0
fl=./math/../sysdeps/x86_64/fpu/multiarch/e_log2.c
fn=log2@@GLIBC_2.29
27 2 1 1 1 0 0 0 0 0
fl=./math/../sysdeps/x86_64/fpu/multiarch/e_log2f.c
fn=log2f@@GLIBC_2.27
27 2 1 1 1 0 0 0 0 0
fl=./math/../sysdeps/x86_64/fpu/multiarch/e_logf.c
fn=logf@@GLIBC_2.27
27 2 1 1 1 0 0 0 0 0
fl=./math/../sysdeps/x86_64/fpu/multiarch/e_pow.c
fn=__pow_finite@GLIBC_2.15
27 2 1 1 1 0 0 0 0 0
fl=./math/../sysdeps/x86_64/fpu/multiarch/e_powf.c
fn=powf@@GLIBC_2.27
30 1 1 1 0 0 0 0 0 0
fl=./math/../sysdeps/x86_64/fpu/multiarch/ifunc-avx-fma4.h
fn=__atan2_finite@GLIBC_2.15
32 5 0 0 2 0 0 0 0 0
33 2 1 1 1 0 0 0 0 0
fn=__exp_finite@GLIBC_2.15
32 5 0 0 2 0 0 0 0 0
33 2 0 0 1 0 0 0 0 0
fn=__log_finite@GLIBC_2.15
32 5 0 0 2 0 0 0 0 0
33 2 0 0 1 0 0 0 0 0
fn=cos
32 5 1 1 2 0 0 0 0 0
33 2 0 0 1 0 0 0 0 0
fn=sin
32 5 0 0 2 0 0 0 0 0
33 2 0 0 1 0 0 0 0 0
fl=./math/../sysdeps/x86_64/fpu/multiarch/ifunc-fma.h
fn=__log1p
29 4 0 0 2 0 0 0 0 0
30 3 0 0 1 0 0 0 0 0
fn=cosf
29 4 0 0 2 0 0 0 0 0
30 3 0 0 1 0 0 0 0 0
fn=exp2f@@GLIBC_2.27
29 4 0 0 2 0 0 0 0 0
30 3 0 0 1 0 0 0 0 0
fn=expf@@GLIBC_2.27
29 4 1 1 2 0 0 0 0 0
30 3 0 0 1 0 0 0 0 0
fn=expm1
29 4 0 0 2 0 0 0 0 0
30 3 1 1 1 0 0 0 0 0
fn=log2@@GLIBC_2.29
29 4 0 0 2 0 0 0 0 0
30 3 0 0 1 0 0 0 0 0
fn=log2f@@GLIBC_2.27
29 4 0 0 2 0 0 0 0 0
30 3 1 1 1 0 0 0 0 0
fn=logf@@GLIBC_2.27
29 4 0 0 2 0 0 0 0 0
30 3 0 0 1 0 0 0 0 0
fn=powf@@GLIBC_2.27
29 4 0 0 2 0 0 0 0 0
30 4 0 0 2 0 0 0 0 0
fn=sincosf
29 4 1 1 2 0 0 0 0 0
30 3 0 0 1 0 0 0 0 0
fn=sinf
29 4 0 0 2 0 0 0 0 0
30 3 0 0 1 0 0 0 0 0
fl=./math/../sysdeps/x86_64/fpu/multiarch/ifunc-fma4.h
fn=__acos_finite@GLIBC_2.15
31 4 0 0 2 0 0 0 0 0
32 2 1 1 1 0 0 0 0 0
35 1 0 0 1 0 0 0 0 0
fn=__asin_finite@GLIBC_2.15
31 4 0 0 2 0 0 0 0 0
32 2 0 0 1 0 0 0 0 0
fn=__pow_finite@GLIBC_2.15
31 4 1 1 2 0 0 0 0 0
32 2 0 0 1 0 0 0 0 0
fn=sincos
31 8 1 1 4 2 0 0 0 0
32 4 0 0 2 0 0 0 0 0
fl=./math/../sysdeps/x86_64/fpu/multiarch/s_cosf.c
fn=cosf
26 2 1 1 1 0 0 0 0 0
fl=./math/../sysdeps/x86_64/fpu/multiarch/s_expm1.c
fn=expm1
26 2 1 1 1 0 0 0 0 0
fl=./math/../sysdeps/x86_64/fpu/multiarch/s_fma.c
fn=fma
49 6 2 2 3 0 0 0 0 0
fl=./math/../sysdeps/x86_64/fpu/multiarch/s_log1p.c
fn=__log1p
26 2 1 1 1 0 0 0 0 0
fl=./math/../sysdeps/x86_64/fpu/multiarch/s_sin.c
fn=cos
34 2 1 1 1 0 0 0 0 0
fn=sin
27 2 1 1 1 0 0 0 0 0
fl=./math/../sysdeps/x86_64/fpu/multiarch/s_sincos.c
fn=sincos
26 4 1 1 2 0 0 0 0 0
fl=./math/../sysdeps/x86_64/fpu/multiarch/s_sincosf.c
fn=sincosf
26 2 1 1 1 0 0 0 0 0
fl=./math/../sysdeps/x86_64/fpu/multiarch/s_sinf.c
fn=sinf
26 2 1 1 1 0 0 0 0 0
fl=./misc/../sysdeps/unix/syscall-template.S
fn=mprotect
117 35 2 2 0 0 0 0 0 0
122 7 0 0 7 0 0 0 0 0
fn=munmap
117 10 2 2 0 0 0 0 0 0
122 2 0 0 2 0 0 0 0 0
fl=./misc/../sysdeps/unix/sysv/linux/brk.c
fn=brk
36 2 1 1 0 0 0 0 0 0
37 4 0 0 2 0 0 2 0 0
38 4 0 0 0 0 0 0 0 0
44 2 0 0 0 0 0 0 0 0
45 2 0 0 2 0 0 0 0 0
fl=./misc/../sysdeps/unix/sysv/linux/brk_call.h
fn=brk
24 4 0 0 0 0 0 0 0 0
fl=./misc/../sysdeps/unix/sysv/linux/mmap64.c
fn=mmap
47 189 2 2 0 0 0 81 3 3
50 54 0 0 0 0 0 0 0 0
53 114 2 2 5 0 0 0 0 0
58 162 1 1 0 0 0 0 0 0
60 108 0 0 108 0 0 0 0 0
fl=./misc/../sysdeps/unix/sysv/linux/setvmaname.c
fn=__set_vma_name
33 19 4 4 0 0 0 8 0 0
35 16 0 0 7 1 1 1 0 0
40 14 0 0 2 0 0 2 0 0
47 2 1 1 0 0 0 2 0 0
48 1 0 0 0 0 0 0 0 0
49 18 1 1 12 0 0 0 0 0
fl=./misc/./misc/init-misc.c
fn=__init_misc
30 5 1 1 0 0 0 3 0 0
31 6 0 0 1 0 0 0 0 0
33 3 1 1 0 0 0 1 0 0
37 5 0 0 1 0 0 1 1 0
38 3 0 0 2 0 0 1 0 0
40 4 0 0 4 0 0 0 0 0
fl=./misc/./misc/sbrk.c
fn=sbrk
37 16 1 1 0 0 0 8 0 0
40 4 0 0 4 0 0 0 0 0
43 4 1 1 2 0 0 0 0 0
58 4 0 0 0 0 0 0 0 0
59 4 1 1 0 0 0 1 0 0
62 4 0 0 0 0 0 0 0 0
63 2 0 0 1 0 0 0 0 0
66 4 1 1 0 0 0 0 0 0
74 3 0 0 0 0 0 1 0 0
78 14 0 0 10 0 0 0 0 0
fl=./nptl/../sysdeps/nptl/futex-internal.h
fn=__pthread_once_slow
209 8 1 1 0 0 0 0 0 0
fl=./nptl/../sysdeps/unix/sysv/linux/x86/elision-conf.c
fn=__lll_elision_init
92 8 1 1 1 0 0 3 0 0
96 5 1 1 0 0 0 1 0 0
98 4 0 0 0 0 0 1 0 0
100 4 0 0 0 0 0 1 0 0
102 4 0 0 0 0 0 1 0 0
104 4 1 1 0 0 0 1 0 0
107 3 0 0 1 1 1 0 0 0
108 1 0 0 0 0 0 1 1 1
109 6 0 0 5 0 0 0 0 0
fl=./nptl/./nptl/alloca_cutoff.c
fn=__libc_alloca_cutoff
27 9 3 1 0 0 0 0 0 0
28 81 3 1 9 3 0 0 0 0
35 9 0 0 9 0 0 0 0 0
fl=./nptl/./nptl/cleanup_compat.c
fn=_pthread_cleanup_pop@@GLIBC_2.34
40 1 0 0 0 0 0 0 0 0
43 2 0 0 1 0 0 1 0 0
47 2 0 0 0 0 0 0 0 0
49 1 1 1 1 0 0 0 0 0
fn=_pthread_cleanup_push@@GLIBC_2.34
25 1 1 1 0 0 0 0 0 0
28 1 0 0 0 0 0 1 0 0
29 1 0 0 0 0 0 1 0 0
30 2 1 1 1 1 0 1 0 0
32 1 0 0 0 0 0 1 0 0
33 1 0 0 1 0 0 0 0 0
fl=./nptl/./nptl/libc-cleanup.c
fn=__libc_cleanup_pop_restore
54 2 0 0 0 0 0 0 0 0
55 2 0 0 2 0 0 0 0 0
57 4 0 0 2 0 0 2 0 0
59 2 0 0 2 0 0 0 0 0
60 6 1 1 2 0 0 0 0 0
71 2 0 0 2 0 0 0 0 0
fn=__libc_cleanup_push_defer
24 2 1 1 0 0 0 0 0 0
25 2 0 0 2 0 0 0 0 0
27 4 0 0 2 0 0 2 0 0
29 4 0 0 2 1 0 0 0 0
32 4 0 0 0 0 0 0 0 0
46 6 1 1 0 0 0 2 0 0
48 2 0 0 0 0 0 2 0 0
49 2 0 0 2 0 0 0 0 0
fl=./nptl/./nptl/pthread_mutex_conf.c
fn=__pthread_tunables_init
55 8 1 1 1 0 0 3 0 0
56 5 1 1 0 0 0 1 0 0
58 4 0 0 0 0 0 1 0 0
60 4 0 0 0 0 0 1 0 0
62 6 1 1 5 0 0 0 0 0
fl=./nptl/./nptl/pthread_mutex_lock.c
fn=pthread_mutex_lock@@GLIBC_2.2.5
44 1 1 1 1 0 0 0 0 0
45 7 0 0 2 1 0 0 0 0
46 1 0 0 0 0 0 1 0 0
77 5 1 1 0 0 0 2 0 0
80 3 0 0 1 0 0 0 0 0
82 1 0 0 0 0 0 0 0 0
84 2 1 1 0 0 0 0 0 0
88 2 0 0 0 0 0 0 0 0
97 2 1 1 0 0 0 0 0 0
108 4 1 1 1 0 0 0 0 0
112 1 0 0 1 1 0 0 0 0
115 2 0 0 1 0 0 0 0 0
124 1 0 0 0 0 0 0 0 0
130 3 0 0 1 0 0 0 0 0
131 2 1 1 0 0 0 1 0 0
179 1 1 1 1 0 0 0 0 0
182 1 0 0 0 0 0 1 0 0
184 1 0 0 1 0 0 0 0 0
187 1 0 0 0 0 0 0 0 0
190 3 0 0 3 0 0 0 0 0
fl=./nptl/./nptl/pthread_mutex_unlock.c
fn=pthread_mutex_unlock@@GLIBC_2.2.5
39 1 0 0 1 0 0 0 0 0
40 4 0 0 1 0 0 0 0 0
41 1 0 0 0 0 0 1 0 0
51 3 0 0 1 0 0 0 0 0
52 2 1 1 0 0 0 0 0 0
57 2 0 0 0 0 0 0 0 0
62 1 0 0 0 0 0 1 0 0
65 1 0 0 1 0 0 0 0 0
70 1 0 0 0 0 0 0 0 0
72 1 0 0 0 0 0 0 0 0
74 2 1 1 0 0 0 0 0 0
80 4 1 1 1 0 0 0 0 0
84 3 0 0 2 0 0 0 0 0
87 2 0 0 1 0 0 0 0 0
367 4 1 1 0 0 0 1 0 0
369 2 0 0 2 0 0 0 0 0
fl=./nptl/./nptl/pthread_once.c
fn=__pthread_once_slow
68 11 2 2 1 0 0 5 0 0
76 1 0 0 1 0 0 0 0 0
80 2 0 0 0 0 0 0 0 0
88 2 0 0 1 1 1 0 0 0
92 2 0 0 1 0 0 0 0 0
101 4 1 1 0 0 0 0 0 0
114 13 2 2 0 0 0 7 0 0
116 1 0 0 0 0 0 1 0 0
118 3 0 0 0 0 0 1 0 0
124 1 0 0 0 0 0 1 0 0
132 10 0 0 7 0 0 0 0 0
fn=pthread_once@@GLIBC_2.34
136 14 1 1 0 0 0 0 0 0
139 14 0 0 14 1 1 0 0 0
140 28 0 0 0 0 0 0 0 0
143 1 0 0 0 0 0 0 0 0
144 26 0 0 13 0 0 0 0 0
fl=./posix/../malloc/dynarray-skeleton.c
fn=__unregister_atfork
243 5 0 0 5 1 1 0 0 0
fl=./posix/../sysdeps/unix/sysv/linux/_exit.c
fn=_Exit
27 2 1 1 1 0 0 0 0 0
30 4 0 0 0 0 0 0 0 0
fl=./posix/./posix/register-atfork.c
fn=__unregister_atfork
71 10 2 1 0 0 0 0 0 0
82 30 1 1 0 0 0 10 0 0
83 20 0 0 5 1 1 0 0 0
109 20 1 1 10 0 0 0 0 0
110 15 0 0 15 0 0 0 0 0
fl=./resource/../sysdeps/unix/sysv/linux/getrlimit64.c
fn=getrlimit
38 2 1 1 0 0 0 0 0 0
39 7 0 0 0 0 0 0 0 0
40 1 0 0 1 0 0 0 0 0
fl=./setjmp/../sysdeps/x86_64/bsd-_setjmp.S
fn=_setjmp
28 1 1 1 0 0 0 0 0 0
30 1 0 0 0 0 0 0 0 0
32 1 0 0 0 0 0 0 0 0
fl=./setjmp/../sysdeps/x86_64/setjmp.S
fn=__sigsetjmp
31 15 2 2 0 0 0 0 0 0
33 15 0 0 0 0 0 15 1 1
42 15 0 0 0 0 0 0 0 0
43 30 0 0 15 0 0 0 0 0
44 15 0 0 0 0 0 15 0 0
48 15 0 0 0 0 0 15 0 0
49 15 0 0 0 0 0 15 0 0
50 15 0 0 0 0 0 15 0 0
51 15 0 0 0 0 0 15 0 0
52 15 0 0 0 0 0 0 0 0
54 30 1 1 15 0 0 0 0 0
56 15 0 0 0 0 0 15 0 0
57 15 1 1 15 0 0 0 0 0
58 15 0 0 0 0 0 0 0 0
60 30 0 0 15 0 0 0 0 0
62 15 0 0 0 0 0 15 0 0
67 1 0 0 1 1 0 0 0 0
68 1 0 0 0 0 0 0 0 0
70 14 0 0 0 0 0 0 0 0
73 14 0 0 0 0 0 0 0 0
74 14 0 0 0 0 0 14 1 1
81 14 0 0 0 0 0 0 0 0
82 14 0 0 14 0 0 0 0 0
85 1 1 1 0 0 0 0 0 0
fl=./setjmp/./setjmp/sigjmp.c
fn=__sigjmp_save
28 6 0 0 0 0 0 2 0 0
29 1 0 0 0 0 0 1 0 0
30 2 0 0 0 0 0 0 0 0
34 4 0 0 3 0 0 0 0 0
fl=./stdio-common/../include/../locale/localeinfo.h
fn=__printf_fp_l_buffer
331 27 3 1 27 9 0 0 0 0
fl=./stdio-common/../include/printf_buffer.h
fn=__printf_buffer
163 33 6 2 3 0 0 0 0 0
164 40 0 0 0 0 0 8 0 0
fn=__printf_buffer_to_file_init
124 8 0 0 0 0 0 4 0 0
127 4 0 0 0 0 0 4 0 0
128 4 0 0 0 0 0 4 0 0
137 8 0 0 0 0 0 4 0 0
fn=__printf_fp_buffer_1.isra.0
163 54 3 1 27 0 0 0 0 0
fl=./stdio-common/../include/rounding-mode.h
fn=__printf_fp_buffer_1.isra.0
52 28 3 1 0 0 0 0 0 0
58 10 0 0 0 0 0 0 0 0
fl=./stdio-common/../libio/libioP.h
fn=__printf_buffer_to_file_done
1025 3 0 0 0 0 0 0 0 0
1026 2 1 1 0 0 0 0 0 0
fl=./stdio-common/../string/bits/string_fortified.h
fn=__printf_buffer_pad_1
59 24 0 0 0 0 0 8 0 0
fn=__printf_buffer_write
29 120 0 0 0 0 0 40 0 0
fn=__printf_fp_buffer_1.isra.0
29 24 3 1 12 0 0 12 0 0
fl=./stdio-common/../sysdeps/generic/get-rounding-mode.h
fn=__printf_fp_buffer_1.isra.0
94 9 1 0 0 0 0 9 0 0
95 63 2 1 9 0 0 0 0 0
fl=./stdio-common/../sysdeps/pthread/allocalim.h
fn=__printf_fp_buffer_1.isra.0
27 18 0 0 0 0 0 9 0 0
29 45 0 0 0 0 0 9 0 0
fl=./stdio-common/./stdio-common/Xprintf_buffer_done.c
fn=__printf_buffer_done
25 4 4 1 0 0 0 0 0 0
26 12 0 0 4 0 0 0 0 0
31 8 4 1 8 0 0 0 0 0
33 48 0 0 4 0 0 0 0 0
40 4 0 0 4 0 0 0 0 0
fl=./stdio-common/./stdio-common/Xprintf_buffer_pad_1.c
fn=__printf_buffer_pad_1
24 72 6 2 0 0 0 40 0 0
25 24 0 0 8 0 0 0 0 0
33 40 3 1 16 0 0 0 0 0
36 8 0 0 0 0 0 0 0 0
37 16 0 0 0 0 0 0 0 0
39 8 0 0 0 0 0 0 0 0
40 24 0 0 8 0 0 8 0 0
43 16 0 0 0 0 0 0 0 0
44 48 3 1 48 0 0 0 0 0
fl=./stdio-common/./stdio-common/Xprintf_buffer_write.c
fn=__printf_buffer_write
27 320 1 1 0 0 0 200 0 0
28 120 0 0 40 0 0 0 0 0
31 240 0 0 0 0 0 0 0 0
33 200 1 1 80 0 0 0 0 0
36 40 0 0 0 0 0 0 0 0
37 80 0 0 0 0 0 0 0 0
40 120 0 0 40 0 0 40 0 0
41 40 0 0 0 0 0 0 0 0
44 240 2 1 240 0 0 0 0 0
fl=./stdio-common/./stdio-common/_itoa.c
fn=_itoa_word
169 6 3 1 0 0 0 0 0 0
172 24 3 1 0 0 0 0 0 0
174 12 0 0 0 0 0 0 0 0
183 264 6 2 18 3 1 18 0 0
192 12 0 0 6 0 0 0 0 0
fl=./stdio-common/./stdio-common/printf-parse.h
fn=__printf_buffer
53 27 0 0 9 0 0 9 0 0
55 117 12 4 18 0 0 0 0 0
65 18 0 0 0 0 0 0 0 0
82 92 4 1 0 0 0 26 4 1
fl=./stdio-common/./stdio-common/printf_buffer_to_file.c
fn=__printf_buffer_to_file_done
51 16 0 0 12 0 0 0 0 0
53 16 4 1 4 0 0 0 0 0
58 3 1 1 0 0 0 0 0 0
59 6 0 0 3 1 0 1 0 0
65 2 0 0 0 0 0 1 0 0
66 1 0 0 0 0 0 0 0 0
68 9 0 0 0 0 0 0 0 0
86 9 3 0 6 0 0 0 0 0
89 3 0 0 0 0 0 3 0 0
91 6 0 0 0 0 0 0 0 0
103 3 0 0 0 0 0 3 0 0
117 32 0 0 0 0 0 16 0 0
118 12 0 0 4 0 0 0 0 0
121 8 0 0 0 0 0 0 0 0
122 20 1 1 16 0 0 0 0 0
fn=__printf_buffer_to_file_init
108 4 2 1 0 0 0 0 0 0
109 8 1 1 0 0 0 0 0 0
111 4 0 0 0 0 0 4 0 0
112 4 0 0 0 0 0 0 0 0
fn=__printf_buffer_to_file_switch
29 5 3 1 0 0 0 0 0 0
30 25 0 0 15 0 0 0 0 0
40 1 0 0 0 0 0 0 0 0
41 1 0 0 0 0 0 0 0 0
44 20 0 0 0 0 0 10 0 0
45 5 0 0 5 0 0 0 0 0
fl=./stdio-common/./stdio-common/printf_fp.c
fn=__printf_fp_buffer_1.isra.0
91 96 4 1 30 0 0 6 0 0
93 54 0 0 18 0 0 0 0 0
95 54 3 1 42 0 0 6 0 0
96 30 0 0 0 0 0 12 0 0
101 24 0 0 0 0 0 0 0 0
105 84 3 1 24 0 0 12 0 0
107 48 0 0 36 0 0 12 0 0
108 12 0 0 12 0 0 0 0 0
110 24 0 0 12 0 0 12 0 0
111 60 3 1 24 0 0 0 0 0
118 12 0 0 0 0 0 0 0 0
122 36 0 0 0 0 0 12 0 0
123 24 0 0 0 0 0 0 0 0
124 50 3 1 20 0 0 20 0 0
127 18 0 0 6 0 0 0 0 0
138 162 2 2 9 0 0 117 9 3
159 72 3 1 9 0 0 9 0 0
177 9 0 0 0 0 0 9 0 0
187 9 0 0 0 0 0 9 3 1
221 18 0 0 0 0 0 0 0 0
222 9 0 0 0 0 0 9 0 0
226 27 3 1 9 0 0 0 0 0
230 153 9 3 27 6 2 9 3 1
234 9 0 0 0 0 0 0 0 0
266 45 3 2 9 0 0 0 0 0
267 9 0 0 0 0 0 0 0 0
268 18 0 0 0 0 0 0 0 0
271 153 3 1 9 0 0 9 0 0
272 144 3 1 9 3 1 9 0 0
273 144 6 2 9 3 1 9 0 0
279 9 0 0 0 0 0 9 0 0
280 18 0 0 0 0 0 0 0 0
283 6 0 0 0 0 0 0 0 0
293 6 0 0 0 0 0 0 0 0
294 42 3 1 0 0 0 6 0 0
297 18 0 0 0 0 0 0 0 0
301 24 0 0 0 0 0 0 0 0
305 24 0 0 0 0 0 6 3 1
306 6 0 0 0 0 0 0 0 0
308 36 3 1 0 0 0 0 0 0
309 54 3 1 12 0 0 6 0 0
310 12 0 0 0 0 0 0 0 0
311 42 3 1 18 0 0 12 0 0
313 12 2 1 0 0 0 0 0 0
318 78 0 0 0 0 0 0 0 0
322 462 3 1 150 15 5 0 0 0
324 36 2 1 6 0 0 0 0 0
327 18 0 0 12 0 0 0 0 0
337 12 3 1 12 0 0 0 0 0
368 12 0 0 6 0 0 6 0 0
369 24 0 0 6 3 1 0 0 0
375 36 0 0 12 0 0 6 0 0
377 6 0 0 6 0 0 0 0 0
380 12 0 0 12 0 0 0 0 0
381 12 0 0 0 0 0 0 0 0
382 18 3 1 0 0 0 6 0 0
385 102 3 1 42 0 0 12 0 0
388 24 2 1 6 0 0 6 0 0
389 24 0 0 18 0 0 0 0 0
390 30 0 0 0 0 0 0 0 0
391 24 3 1 0 0 0 0 0 0
394 78 0 0 0 0 0 0 0 0
396 156 0 0 0 0 0 0 0 0
397 12 0 0 6 0 0 6 0 0
403 18 0 0 6 0 0 0 0 0
407 72 6 2 24 0 0 0 0 0
411 24 0 0 6 0 0 0 0 0
413 12 0 0 0 0 0 0 0 0
439 12 3 1 6 0 0 0 0 0
442 48 0 0 0 0 0 0 0 0
458 24 3 1 0 0 0 12 0 0
460 18 0 0 6 0 0 0 0 0
461 36 0 0 18 0 0 6 0 0
463 36 3 1 18 0 0 0 0 0
477 12 0 0 0 0 0 6 0 0
483 6 3 1 0 0 0 0 0 0
486 3 0 0 0 0 0 3 0 0
496 3 0 0 0 0 0 0 0 0
499 9 3 1 0 0 0 3 0 0
500 15 0 0 6 0 0 6 0 0
501 6 0 0 0 0 0 0 0 0
503 3 0 0 0 0 0 3 0 0
504 12 3 1 3 0 0 3 0 0
506 3 0 0 0 0 0 0 0 0
509 36 3 1 0 0 0 0 0 0
511 72 0 0 36 0 0 0 0 0
621 36 0 0 0 0 0 0 0 0
623 174 0 0 0 0 0 0 0 0
625 6 3 1 0 0 0 0 0 0
629 15 0 0 9 0 0 3 0 0
630 6 0 0 3 0 0 3 0 0
631 9 0 0 3 0 0 0 0 0
633 6 0 0 3 0 0 0 0 0
634 18 3 1 3 0 0 0 0 0
636 3 0 0 3 0 0 0 0 0
642 3 1 0 0 0 0 3 0 0
643 6 3 1 3 0 0 3 0 0
644 3 0 0 3 0 0 0 0 0
645 12 0 0 6 0 0 0 0 0
647 9 3 1 3 0 0 3 0 0
665 27 0 0 18 0 0 9 0 0
669 6 0 0 0 0 0 3 0 0
674 54 3 1 36 3 1 9 0 0
676 18 0 0 0 0 0 0 0 0
680 18 0 0 9 0 0 9 0 0
686 18 0 0 9 0 0 0 0 0
688 18 3 1 0 0 0 9 0 0
689 27 0 0 3 0 0 3 0 0
692 27 3 1 9 0 0 0 0 0
694 54 6 2 12 0 0 30 0 0
696 12 0 0 0 0 0 6 0 0
701 6 0 0 0 0 0 3 0 0
731 15 3 1 0 0 0 12 0 0
738 24 3 1 6 0 0 0 0 0
746 27 3 1 9 0 0 9 0 0
759 153 6 2 18 0 0 9 0 0
760 18 0 0 0 0 0 9 0 0
763 33 0 0 12 0 0 0 0 0
766 114 4 2 18 0 0 0 0 0
769 54 0 0 0 0 0 36 0 0
771 6 0 0 0 0 0 6 0 0
773 36 3 1 18 0 0 0 0 0
775 18 0 0 6 0 0 6 0 0
781 6 3 1 3 0 0 3 0 0
782 3 0 0 3 0 0 0 0 0
783 12 2 1 3 0 0 3 0 0
787 9 0 0 0 0 0 0 0 0
788 45 3 1 9 0 0 18 0 0
789 45 0 0 9 0 0 9 0 0
790 72 0 0 0 0 0 0 0 0
792 18 0 0 0 0 0 0 0 0
793 18 0 0 0 0 0 18 0 0
794 54 0 0 0 0 0 0 0 0
795 36 0 0 0 0 0 18 0 0
796 12 2 1 4 0 0 0 0 0
805 45 3 1 36 0 0 0 0 0
806 36 3 1 0 0 0 18 0 0
808 63 0 0 9 0 0 0 0 0
809 2 1 1 0 0 0 0 0 0
810 9 1 1 4 0 0 0 0 0
813 4 0 0 2 0 0 0 0 0
830 10 0 0 0 0 0 0 0 0
834 8 2 1 0 0 0 0 0 0
835 36 3 1 8 0 0 0 0 0
837 1 0 0 0 0 0 1 0 0
838 2 0 0 0 0 0 0 0 0
840 15 3 1 5 0 0 0 0 0
842 10 0 0 5 0 0 0 0 0
844 10 0 0 0 0 0 5 0 0
855 10 0 0 5 0 0 0 0 0
924 42 0 0 10 0 0 0 0 0
931 8 2 1 0 0 0 0 0 0
935 27 3 1 9 0 0 0 0 0
980 63 3 1 27 0 0 0 0 0
983 18 3 1 0 0 0 9 0 0
987 45 0 0 9 0 0 0 0 0
991 27 0 0 9 0 0 0 0 0
994 36 1 1 9 0 0 9 0 0
996 72 3 1 18 0 0 0 0 0
999 36 3 1 18 0 0 0 0 0
1001 27 0 0 0 0 0 0 0 0
1003 18 3 1 0 0 0 0 0 0
1006 18 0 0 0 0 0 0 0 0
1009 27 0 0 9 0 0 0 0 0
1022 36 2 1 9 0 0 9 0 0
1024 27 0 0 18 0 0 0 0 0
1028 27 1 1 9 0 0 0 0 0
1030 99 0 0 81 0 0 0 0 0
fn=__printf_fp_l_buffer
1099 171 6 2 9 0 0 81 6 2
1102 27 0 0 9 0 0 0 0 0
1111 9 0 0 0 0 0 9 3 1
1112 18 0 0 0 0 0 9 0 0
1115 45 2 1 9 0 0 27 3 1
1116 45 0 0 18 3 1 0 0 0
1117 27 1 1 0 0 0 0 0 0
1122 63 2 1 27 0 0 9 0 0
1126 9 0 0 0 0 0 0 0 0
1147 99 3 1 81 0 0 0 0 0
fn=hack_digit
88 135 0 0 0 0 0 81 0 0
91 105 3 1 33 0 0 3 0 0
93 81 2 1 27 0 0 0 0 0
95 60 0 0 57 0 0 0 0 0
96 15 0 0 0 0 0 6 0 0
101 48 0 0 0 0 0 0 0 0
105 168 1 1 48 0 0 24 0 0
107 96 1 1 72 0 0 24 0 0
108 24 0 0 24 0 0 0 0 0
110 48 0 0 24 0 0 24 0 0
111 144 0 0 48 0 0 0 0 0
118 48 0 0 0 0 0 0 0 0
122 96 0 0 24 0 0 24 0 0
123 48 0 0 0 0 0 0 0 0
124 90 0 0 36 0 0 36 0 0
127 3 0 0 0 0 0 0 0 0
128 135 0 0 108 0 0 0 0 0
fl=./stdio-common/./stdio-common/vfprintf-internal.c
fn=__printf_buffer
263 27 0 0 0 0 0 0 0 0
264 27 0 0 0 0 0 0 0 0
266 9 0 0 0 0 0 9 0 0
600 60 4 1 0 0 0 32 4 1
627 20 4 1 12 8 0 8 0 0
631 3 0 0 0 0 0 3 0 0
634 3 0 0 0 0 0 3 0 0
638 16 0 0 8 0 0 8 4 1
642 3 0 0 0 0 0 3 0 0
653 12 0 0 0 0 0 4 0 0
654 8 0 0 0 0 0 0 0 0
655 12 0 0 4 0 0 0 0 0
659 8 0 0 4 0 0 0 0 0
663 24 3 1 9 3 1 3 3 1
683 18 0 0 0 0 0 18 0 0
684 18 3 1 0 0 0 18 0 0
685 18 0 0 0 0 0 18 0 0
686 18 0 0 0 0 0 18 0 0
687 18 0 0 0 0 0 0 0 0
690 36 0 0 0 0 0 0 0 0
691 18 0 0 0 0 0 0 0 0
692 18 0 0 0 0 0 0 0 0
693 18 0 0 0 0 0 0 0 0
694 18 0 0 0 0 0 18 0 0
695 18 0 0 0 0 0 0 0 0
698 18 0 0 0 0 0 18 0 0
699 18 0 0 0 0 0 18 3 0
705 252 6 2 54 6 2 0 0 0
709 9 3 1 0 0 0 0 0 0
719 18 0 0 0 0 0 9 0 0
720 9 0 0 0 0 0 9 0 0
721 144 2 1 27 3 1 0 0 0
726 9 3 1 0 0 0 0 0 0
744 18 0 0 18 6 0 0 0 0
800 18 6 2 9 0 0 0 0 0
807 18 0 0 0 0 0 0 0 0
810 117 2 1 18 6 2 0 0 0
813 9 0 0 0 0 0 0 0 0
814 27 0 0 9 0 0 0 0 0
840 27 0 0 0 0 0 0 0 0
855 117 3 1 18 3 1 0 0 0
891 18 3 1 0 0 0 0 0 0
973 27 3 1 9 0 0 3 0 0
976 306 3 2 63 0 0 54 0 0
996 99 2 1 27 0 0 18 0 0
997 18 0 0 0 0 0 9 0 0
1001 9 0 0 0 0 0 0 0 0
1018 18 0 0 18 0 0 0 0 0
1024 18 2 1 0 0 0 0 0 0
1028 54 3 1 0 0 0 18 0 0
1029 36 0 0 0 0 0 0 0 0
1031 81 0 0 33 0 0 0 0 0
1044 44 4 2 36 0 0 0 0 0
fn=__vfprintf_internal
1522 52 4 1 0 0 0 24 0 0
1525 27 2 1 8 0 0 5 0 0
1529 20 3 0 4 4 1 0 0 0
1540 8 0 0 4 4 0 0 0 0
1543 16 2 1 0 0 0 4 0 0
1544 20 0 0 0 0 0 4 0 0
1545 12 4 1 0 0 0 4 0 0
1567 44 1 1 36 0 0 0 0 0
fl=./stdio-common/./stdio-common/vfprintf-process-arg.c
fn=__printf_buffer
35 6 0 0 0 0 0 6 0 0
48 12 0 0 0 0 0 0 0 0
49 6 0 0 6 0 0 0 0 0
50 12 3 1 0 0 0 0 0 0
52 12 0 0 0 0 0 0 0 0
53 48 0 0 12 0 0 6 0 0
57 12 0 0 0 0 0 0 0 0
58 12 0 0 0 0 0 0 0 0
67 6 3 1 0 0 0 0 0 0
136 18 6 2 0 0 0 0 0 0
138 12 0 0 0 0 0 0 0 0
155 90 3 1 12 0 0 42 0 0
161 54 2 1 12 0 0 12 0 0
166 36 3 1 24 0 0 6 0 0
170 12 3 1 0 0 0 6 0 0
186 30 3 1 0 0 0 0 0 0
187 54 6 2 18 0 0 0 0 0
195 30 0 0 0 0 0 0 0 0
197 18 0 0 6 0 0 0 0 0
199 6 3 1 0 0 0 0 0 0
201 30 3 1 12 0 0 6 0 0
248 12 3 1 0 0 0 0 0 0
253 18 0 0 6 0 0 0 0 0
258 18 3 1 6 0 0 0 0 0
264 12 0 0 0 0 0 0 0 0
271 24 0 0 0 0 0 0 0 0
278 18 0 0 6 0 0 0 0 0
285 12 3 1 6 0 0 0 0 0
289 30 0 0 12 0 0 6 0 0
403 24 0 0 9 0 0 3 0 0
408 6 3 1 0 0 0 0 0 0
422 18 3 1 0 0 0 0 0 0
430 6 0 0 0 0 0 0 0 0
435 12 3 1 0 0 0 3 0 0
455 9 0 0 3 0 0 0 0 0
461 9 3 1 3 0 0 0 0 0
463 15 3 1 0 0 0 6 0 0
491 3 3 1 0 0 0 0 0 0
fl=./stdlib/../sysdeps/ieee754/dbl-64/dbl2mpn.c
fn=__mpn_extract_double
33 27 3 1 0 0 0 0 0 0
35 9 0 0 0 0 0 0 0 0
37 27 0 0 0 0 0 9 0 0
38 45 0 0 0 0 0 9 0 0
47 27 3 1 0 0 0 9 0 0
56 27 0 0 0 0 0 0 0 0
103 18 0 0 0 0 0 9 0 0
107 18 0 0 9 0 0 0 0 0
fl=./stdlib/../sysdeps/x86_64/lshift.S
fn=__mpn_lshift
28 9 3 1 0 0 0 0 0 0
29 9 0 0 0 0 0 0 0 0
30 9 0 0 0 0 0 0 0 0
32 9 0 0 0 0 0 0 0 0
33 9 0 0 0 0 0 0 0 0
34 9 0 0 0 0 0 0 0 0
46 9 0 0 0 0 0 0 0 0
47 9 0 0 0 0 0 0 0 0
48 9 0 0 9 0 0 0 0 0
49 9 0 0 0 0 0 0 0 0
50 9 3 1 0 0 0 0 0 0
51 9 0 0 0 0 0 0 0 0
52 9 0 0 0 0 0 0 0 0
58 9 0 0 0 0 0 0 0 0
59 9 0 0 0 0 0 9 0 0
60 9 0 0 9 0 0 0 0 0
fl=./stdlib/../sysdeps/x86_64/mul_1.S
fn=__mpn_mul_1
31 54 2 1 0 0 0 0 0 0
32 54 0 0 0 0 0 54 0 0
35 54 0 0 0 0 0 0 0 0
36 54 0 0 54 0 0 0 0 0
37 54 0 0 0 0 0 0 0 0
38 54 2 1 0 0 0 0 0 0
39 54 0 0 0 0 0 0 0 0
41 54 0 0 0 0 0 0 0 0
42 54 0 0 0 0 0 0 0 0
44 54 0 0 0 0 0 0 0 0
45 54 0 0 0 0 0 0 0 0
46 54 0 0 0 0 0 0 0 0
47 54 0 0 0 0 0 0 0 0
48 45 0 0 0 0 0 0 0 0
50 45 0 0 0 0 0 0 0 0
51 45 0 0 0 0 0 0 0 0
52 45 0 0 0 0 0 45 0 0
53 45 0 0 0 0 0 0 0 0
79 9 3 1 0 0 0 0 0 0
80 9 0 0 0 0 0 0 0 0
81 9 0 0 0 0 0 0 0 0
82 9 0 0 0 0 0 0 0 0
83 9 0 0 0 0 0 0 0 0
84 9 3 1 0 0 0 0 0 0
85 9 0 0 9 0 0 0 0 0
86 9 0 0 0 0 0 0 0 0
87 9 0 0 0 0 0 0 0 0
113 9 3 1 0 0 0 0 0 0
114 9 0 0 0 0 0 0 0 0
115 9 0 0 0 0 0 0 0 0
117 9 0 0 0 0 0 9 0 0
118 9 0 0 0 0 0 0 0 0
119 9 0 0 0 0 0 0 0 0
120 9 3 1 0 0 0 9 0 0
121 9 0 0 0 0 0 0 0 0
122 54 0 0 0 0 0 0 0 0
124 54 0 0 54 0 0 0 0 0
127 54 0 0 54 0 0 0 0 0
fl=./stdlib/../sysdeps/x86_64/rshift.S
fn=__mpn_rshift
28 15 3 1 0 0 0 0 0 0
29 15 0 0 0 0 0 0 0 0
30 15 0 0 0 0 0 0 0 0
31 15 0 0 0 0 0 0 0 0
44 15 0 0 0 0 0 0 0 0
45 15 3 1 0 0 0 0 0 0
61 15 0 0 0 0 0 0 0 0
62 15 0 0 15 0 0 0 0 0
63 15 0 0 15 0 0 0 0 0
64 15 0 0 0 0 0 0 0 0
65 15 0 0 0 0 0 0 0 0
66 15 0 0 0 0 0 0 0 0
67 15 0 0 0 0 0 0 0 0
72 15 3 1 0 0 0 0 0 0
73 15 0 0 0 0 0 15 0 0
74 15 0 0 0 0 0 0 0 0
75 15 0 0 0 0 0 15 0 0
76 15 0 0 15 0 0 0 0 0
fl=./stdlib/./stdlib/cmp.c
fn=__mpn_cmp
31 12 3 1 0 0 0 0 0 0
35 24 0 0 0 0 0 0 0 0
37 12 3 1 12 0 0 0 0 0
38 12 0 0 12 0 0 0 0 0
39 24 0 0 0 0 0 0 0 0
47 60 0 0 12 0 0 0 0 0
fl=./stdlib/./stdlib/cxa_atexit.c
fn=__cxa_atexit
41 28 1 1 0 0 0 0 0 0
43 112 0 0 14 1 0 0 0 0
44 28 0 0 0 0 0 14 0 0
46 28 0 0 0 0 0 0 0 0
52 42 0 0 14 0 0 0 0 0
53 14 0 0 0 0 0 14 0 0
54 14 0 0 0 0 0 14 7 7
55 14 1 1 0 0 0 14 0 0
56 14 0 0 0 0 0 14 0 0
57 56 0 0 28 0 0 0 0 0
58 14 0 0 0 0 0 0 0 0
67 98 1 1 0 0 0 70 0 0
69 84 0 0 84 0 0 0 0 0
fn=__new_exitfn
80 70 1 1 0 0 0 42 0 0
81 14 0 0 0 0 0 0 0 0
86 28 0 0 14 1 1 0 0 0
91 88 0 0 15 1 0 0 0 0
93 56 1 1 14 1 0 0 0 0
94 65 0 0 13 0 0 0 0 0
101 1 0 0 0 0 0 1 0 0
104 26 0 0 0 0 0 0 0 0
122 1 0 0 0 0 0 0 0 0
123 1 1 1 0 0 0 1 0 0
129 39 0 0 0 0 0 0 0 0
130 26 0 0 0 0 0 13 0 0
134 1 0 0 0 0 0 0 0 0
136 14 1 1 0 0 0 14 0 0
137 14 0 0 14 0 0 0 0 0
141 70 0 0 56 0 0 0 0 0
fl=./stdlib/./stdlib/cxa_finalize.c
fn=__cxa_finalize
30 50 1 1 0 0 0 30 0 0
33 35 0 0 5 0 0 0 0 0
36 35 2 2 10 0 0 0 0 0
40 196 0 0 5 0 0 0 0 0
41 132 1 1 66 4 0 0 0 0
43 22 0 0 11 0 0 11 0 0
45 11 0 0 11 0 0 0 0 0
76 11 0 0 0 0 0 11 0 0
78 33 0 0 22 0 0 0 0 0
81 44 0 0 22 0 0 0 0 0
82 33 0 0 0 0 0 11 0 0
83 44 0 0 11 0 0 0 0 0
87 33 0 0 22 0 0 0 0 0
93 35 2 2 10 1 0 0 0 0
97 30 0 0 5 1 0 0 0 0
105 10 0 0 0 0 0 5 0 0
106 20 0 0 10 0 0 0 0 0
107 40 0 0 35 0 0 0 0 0
fl=./stdlib/./stdlib/cxa_thread_atexit_impl.c
fn=__call_tls_dtors
148 5 1 1 0 0 0 3 0 0
149 4 1 1 2 1 0 0 0 0
165 4 1 1 4 0 0 0 0 0
fl=./stdlib/./stdlib/divrem.c
fn=__mpn_divrem
46 504 2 1 0 0 0 252 0 0
47 36 0 0 0 0 0 36 0 0
49 72 0 0 0 0 0 0 0 0
62 36 1 1 36 0 0 0 0 0
63 36 0 0 36 0 0 0 0 0
65 72 0 0 0 0 0 0 0 0
67 1 0 0 0 0 0 0 0 0
68 2 1 1 0 0 0 1 0 0
72 311 0 0 0 0 0 0 0 0
73 87 3 1 29 0 0 29 0 0
76 72 0 0 0 0 0 0 0 0
79 36 0 0 0 0 0 36 0 0
81 36 0 0 0 0 0 0 0 0
234 324 2 1 288 0 0 0 0 0
fl=./stdlib/./stdlib/exit.c
fn=__run_exit_handlers
38 12 1 1 0 0 0 8 0 0
40 2 0 0 0 0 0 0 0 0
41 2 1 1 0 0 0 1 0 0
43 5 1 1 1 1 0 0 0 0
54 2 0 0 2 1 0 0 0 0
56 2 0 0 0 0 0 0 0 0
60 1 0 0 0 0 0 1 1 0
64 45 0 0 15 1 0 0 0 0
66 28 1 1 0 0 0 14 0 0
67 14 0 0 14 0 0 0 0 0
69 120 0 0 14 2 0 0 0 0
94 2 0 0 0 0 0 0 0 0
101 3 0 0 0 0 0 3 0 0
102 3 1 1 3 0 0 0 0 0
103 3 0 0 3 1 0 0 0 0
104 9 0 0 3 0 0 0 0 0
107 12 0 0 6 0 0 0 0 0
108 9 0 0 0 0 0 3 0 0
109 12 1 1 3 0 0 0 0 0
113 9 1 1 3 0 0 0 0 0
119 3 1 1 2 0 0 1 0 0
120 2 0 0 0 0 0 0 0 0
126 4 1 1 2 0 0 0 0 0
128 2 0 0 1 0 0 0 0 0
129 2 0 0 0 0 0 1 0 0
131 2 0 0 0 0 0 1 0 0
fn=exit
137 3 1 1 0 0 0 1 0 0
138 4 0 0 0 0 0 1 0 0
fl=./stdlib/./stdlib/getenv.c
fn=getenv
24 9 2 2 0 0 0 6 0 0
25 8 0 0 3 1 1 0 0 0
28 2 0 0 0 0 0 1 0 0
29 115 0 0 29 5 0 0 0 0
31 56 1 1 28 12 0 0 0 0
32 12 0 0 0 0 0 2 0 0
37 9 0 0 7 0 0 0 0 0
fl=./stdlib/./stdlib/mul.c
fn=__mpn_mul
48 102 6 2 6 0 0 42 3 1
54 12 0 0 0 0 0 0 0 0
66 12 0 0 0 0 0 0 0 0
71 6 3 1 6 0 0 0 0 0
72 12 0 0 0 0 0 0 0 0
81 24 0 0 12 0 0 12 3 1
83 6 0 0 0 0 0 6 0 0
84 6 0 0 0 0 0 0 0 0
88 12 3 1 0 0 0 0 0 0
141 6 3 1 0 0 0 6 0 0
142 66 0 0 54 0 0 0 0 0
fl=./stdlib/./stdlib/secure-getenv.c
fn=secure_getenv
28 1 1 1 0 0 0 0 0 0
29 5 0 0 2 2 0 0 0 0
fl=./string/../include/rtld-malloc.h
fn=strdup
56 12 0 0 6 0 0 6 0 0
fl=./string/../string/strcspn.c
fn=strcspn
32 6 1 1 0 0 0 2 1 1
33 3 0 0 1 1 1 0 0 0
34 2 0 0 1 0 0 0 0 0
39 6 0 0 0 0 0 4 2 2
40 4 1 1 0 0 0 4 1 1
41 4 0 0 0 0 0 4 1 1
42 4 0 0 0 0 0 4 0 0
44 1 0 0 0 0 0 0 0 0
47 9 1 1 3 0 0 3 0 0
48 6 0 0 0 0 0 0 0 0
51 4 0 0 2 0 0 0 0 0
52 4 0 0 2 0 0 0 0 0
53 4 1 1 2 0 0 0 0 0
54 4 0 0 2 0 0 0 0 0
56 3 0 0 0 0 0 0 0 0
61 13 0 0 0 0 0 0 0 0
62 26 0 0 26 1 1 0 0 0
63 26 1 1 26 0 0 0 0 0
64 26 0 0 26 0 0 0 0 0
65 13 0 0 13 0 0 0 0 0
67 78 0 0 13 0 0 0 0 0
69 1 0 0 0 0 0 0 0 0
70 4 0 0 0 0 0 0 0 0
71 3 0 0 3 0 0 0 0 0
fl=./string/../sysdeps/x86/cacheinfo.c
fn=__x86_cacheinfo
86 1 1 1 0 0 0 0 0 0
fl=./string/../sysdeps/x86/cacheinfo.h
fn=__x86_cacheinfo
59 1 0 0 1 0 0 0 0 0
62 3 1 1 1 1 0 0 0 0
64 3 0 0 0 0 0 1 0 0
65 1 0 0 0 0 0 1 1 1
71 3 0 0 1 0 0 0 0 0
73 3 1 1 0 0 0 1 0 0
74 1 0 0 0 0 0 1 0 0
78 2 0 0 1 0 0 1 1 1
80 2 0 0 1 0 0 1 0 0
81 2 0 0 1 0 0 1 0 0
82 2 0 0 1 0 0 1 0 0
84 2 1 1 1 1 0 0 0 0
86 2 0 0 1 0 0 0 0 0
fl=./string/../sysdeps/x86_64/multiarch/../multiarch/memcmp-sse2.S
fn=bcmp
59 1 1 1 0 0 0 0 0 0
71 1 0 0 0 0 0 0 0 0
72 1 0 0 0 0 0 0 0 0
94 1 0 0 0 0 0 0 0 0
95 1 0 0 0 0 0 0 0 0
140 1 1 1 1 0 0 0 0 0
141 1 0 0 1 0 0 0 0 0
143 1 0 0 0 0 0 0 0 0
144 1 0 0 0 0 0 0 0 0
146 1 0 0 1 0 0 0 0 0
147 1 0 0 1 0 0 0 0 0
149 1 0 0 0 0 0 0 0 0
150 1 0 0 0 0 0 0 0 0
197 1 0 0 0 0 0 0 0 0
198 1 0 0 0 0 0 0 0 0
199 1 0 0 0 0 0 0 0 0
200 1 0 0 0 0 0 0 0 0
201 1 0 0 0 0 0 0 0 0
202 1 0 0 1 0 0 0 0 0
fl=./string/../sysdeps/x86_64/multiarch/../multiarch/memset-vec-unaligned-erms.S
fn=memset
132 13 1 1 0 0 0 0 0 0
133 65 0 0 0 0 0 0 0 0
138 13 0 0 0 0 0 0 0 0
139 13 0 0 0 0 0 0 0 0
142 6 0 0 0 0 0 0 0 0
143 6 0 0 0 0 0 0 0 0
145 2 0 0 0 0 0 2 1 1
146 2 0 0 0 0 0 2 0 0
147 2 0 0 2 0 0 0 0 0
244 4 1 1 0 0 0 4 3 3
245 4 0 0 0 0 0 4 0 0
257 4 0 0 0 0 0 0 0 0
260 4 0 0 0 0 0 0 0 0
261 4 0 0 0 0 0 0 0 0
273 4 0 0 0 0 0 4 1 1
274 4 0 0 0 0 0 4 3 3
287 4 0 0 0 0 0 0 0 0
288 4 0 0 0 0 0 0 0 0
290 4 0 0 0 0 0 0 0 0
293 3 0 0 0 0 0 0 0 0
296 6 0 0 0 0 0 0 0 0
299 93 0 0 0 0 0 93 34 34
300 93 0 0 0 0 0 93 0 0
301 93 0 0 0 0 0 93 52 52
302 93 0 0 0 0 0 93 6 6
303 93 0 0 0 0 0 0 0 0
304 93 0 0 0 0 0 0 0 0
305 93 0 0 0 0 0 0 0 0
308 4 0 0 0 0 0 4 1 1
309 4 0 0 0 0 0 4 0 0
310 4 0 0 0 0 0 4 0 0
311 4 0 0 0 0 0 4 0 0
316 4 0 0 4 0 0 0 0 0
350 7 1 1 0 0 0 0 0 0
352 7 0 0 0 0 0 0 0 0
353 7 0 0 0 0 0 0 0 0
392 7 2 1 0 0 0 7 2 2
393 7 0 0 0 0 0 7 1 1
395 7 0 0 7 0 0 0 0 0
fl=./string/../sysdeps/x86_64/multiarch/../multiarch/strchr-sse2.S
fn=index
32 29 1 1 0 0 0 0 0 0
33 29 0 0 0 0 0 0 0 0
34 29 0 0 0 0 0 0 0 0
35 29 0 0 0 0 0 0 0 0
36 29 1 1 0 0 0 0 0 0
37 29 0 0 0 0 0 0 0 0
38 29 0 0 0 0 0 0 0 0
39 29 0 0 0 0 0 0 0 0
40 29 0 0 0 0 0 0 0 0
41 29 0 0 29 4 4 0 0 0
42 29 0 0 0 0 0 0 0 0
43 29 0 0 0 0 0 0 0 0
44 29 0 0 0 0 0 0 0 0
45 29 0 0 0 0 0 0 0 0
46 29 0 0 0 0 0 0 0 0
47 29 0 0 0 0 0 0 0 0
48 29 0 0 0 0 0 0 0 0
49 29 0 0 0 0 0 0 0 0
50 24 0 0 0 0 0 0 0 0
54 24 0 0 0 0 0 0 0 0
55 24 1 1 0 0 0 0 0 0
56 24 0 0 24 0 0 0 0 0
57 24 0 0 0 0 0 0 0 0
59 24 0 0 24 0 0 0 0 0
63 5 0 0 5 1 1 0 0 0
64 5 0 0 0 0 0 0 0 0
65 5 0 0 0 0 0 0 0 0
66 5 0 0 0 0 0 0 0 0
67 5 0 0 0 0 0 0 0 0
68 5 0 0 0 0 0 0 0 0
69 5 0 0 5 1 1 0 0 0
70 5 0 0 0 0 0 0 0 0
71 5 0 0 0 0 0 0 0 0
72 5 0 0 0 0 0 0 0 0
73 5 0 0 0 0 0 0 0 0
74 5 1 1 0 0 0 0 0 0
75 5 0 0 0 0 0 0 0 0
76 5 0 0 5 0 0 0 0 0
77 5 0 0 0 0 0 0 0 0
78 5 0 0 0 0 0 0 0 0
79 5 0 0 0 0 0 0 0 0
80 5 0 0 0 0 0 0 0 0
81 5 0 0 0 0 0 0 0 0
82 5 0 0 0 0 0 0 0 0
83 5 0 0 0 0 0 0 0 0
84 5 0 0 0 0 0 0 0 0
85 5 0 0 0 0 0 0 0 0
86 5 0 0 0 0 0 0 0 0
138 5 1 1 0 0 0 0 0 0
142 5 0 0 0 0 0 0 0 0
143 5 0 0 0 0 0 0 0 0
144 5 0 0 5 0 0 0 0 0
145 5 0 0 0 0 0 0 0 0
147 5 0 0 5 0 0 0 0 0
fl=./string/../sysdeps/x86_64/multiarch/../multiarch/strcmp-sse2.S
fn=strcmp
98 2450 3 1 0 0 0 0 0 0
131 2450 0 0 0 0 0 0 0 0
132 2450 0 0 0 0 0 0 0 0
134 2450 0 0 0 0 0 0 0 0
135 2450 0 0 0 0 0 0 0 0
156 2450 0 0 0 0 0 0 0 0
157 2450 0 0 0 0 0 0 0 0
158 2257 0 0 0 0 0 0 0 0
159 2257 0 0 0 0 0 0 0 0
160 2133 0 0 2133 89 44 0 0 0
161 2133 3 1 2133 21 12 0 0 0
162 2133 0 0 2133 0 0 0 0 0
163 2133 0 0 2133 0 0 0 0 0
180 2133 0 0 0 0 0 0 0 0
181 2133 0 0 0 0 0 0 0 0
182 2133 0 0 0 0 0 0 0 0
183 2133 0 0 0 0 0 0 0 0
184 2133 0 0 0 0 0 0 0 0
185 2133 0 0 0 0 0 0 0 0
186 2133 0 0 0 0 0 0 0 0
191 42 0 0 0 0 0 0 0 0
192 126 0 0 0 0 0 0 0 0
201 359 3 1 0 0 0 0 0 0
202 359 0 0 0 0 0 0 0 0
203 359 0 0 0 0 0 0 0 0
204 359 0 0 0 0 0 0 0 0
205 359 0 0 0 0 0 0 0 0
206 359 0 0 0 0 0 0 0 0
207 359 0 0 0 0 0 0 0 0
208 359 0 0 0 0 0 0 0 0
209 275 0 0 0 0 0 0 0 0
210 143 0 0 0 0 0 0 0 0
211 143 0 0 0 0 0 0 0 0
212 143 0 0 0 0 0 0 0 0
214 275 0 0 0 0 0 0 0 0
215 275 0 0 0 0 0 0 0 0
216 275 0 0 0 0 0 0 0 0
217 275 0 0 275 8 2 0 0 0
218 275 0 0 0 0 0 0 0 0
219 275 0 0 0 0 0 0 0 0
229 84 3 1 84 13 2 0 0 0
230 84 0 0 0 0 0 0 0 0
231 84 0 0 0 0 0 0 0 0
233 84 0 0 84 4 2 0 0 0
239 84 0 0 0 0 0 0 0 0
240 84 0 0 0 0 0 0 0 0
241 84 0 0 0 0 0 0 0 0
242 84 0 0 0 0 0 0 0 0
243 84 0 0 0 0 0 0 0 0
248 84 0 0 0 0 0 0 0 0
250 76 0 0 0 0 0 0 0 0
251 76 0 0 0 0 0 0 0 0
252 152 0 0 0 0 0 0 0 0
260 76 2 1 76 12 0 0 0 0
261 76 0 0 76 2 0 0 0 0
264 76 0 0 0 0 0 0 0 0
265 76 0 0 0 0 0 0 0 0
266 76 0 0 0 0 0 0 0 0
267 76 0 0 0 0 0 0 0 0
268 76 0 0 0 0 0 0 0 0
269 76 0 0 0 0 0 0 0 0
300 11 2 1 0 0 0 0 0 0
301 11 0 0 11 0 0 0 0 0
302 11 0 0 11 3 2 0 0 0
303 11 0 0 0 0 0 0 0 0
304 11 0 0 0 0 0 0 0 0
306 11 0 0 0 0 0 0 0 0
307 11 0 0 0 0 0 0 0 0
308 11 2 1 0 0 0 0 0 0
309 11 0 0 0 0 0 0 0 0
310 11 0 0 0 0 0 0 0 0
311 11 0 0 0 0 0 0 0 0
312 11 0 0 0 0 0 0 0 0
313 11 0 0 11 0 0 0 0 0
316 11 0 0 0 0 0 0 0 0
317 11 0 0 0 0 0 0 0 0
318 11 0 0 0 0 0 0 0 0
324 11 0 0 0 0 0 0 0 0
325 11 0 0 0 0 0 0 0 0
326 22 0 0 0 0 0 0 0 0
330 11 2 1 0 0 0 0 0 0
331 11 0 0 0 0 0 0 0 0
334 11 0 0 11 2 1 0 0 0
335 11 0 0 11 0 0 0 0 0
336 11 0 0 0 0 0 0 0 0
338 11 0 0 0 0 0 0 0 0
339 11 0 0 0 0 0 0 0 0
340 11 0 0 0 0 0 0 0 0
344 11 0 0 0 0 0 0 0 0
345 11 0 0 0 0 0 0 0 0
346 11 0 0 0 0 0 0 0 0
347 11 0 0 0 0 0 0 0 0
348 11 0 0 0 0 0 0 0 0
349 11 2 1 0 0 0 0 0 0
424 2 1 1 0 0 0 0 0 0
425 2 0 0 2 0 0 0 0 0
426 2 0 0 2 1 1 0 0 0
427 2 0 0 0 0 0 0 0 0
428 2 0 0 0 0 0 0 0 0
430 2 0 0 0 0 0 0 0 0
431 2 0 0 0 0 0 0 0 0
432 2 1 1 0 0 0 0 0 0
433 2 0 0 0 0 0 0 0 0
434 2 0 0 0 0 0 0 0 0
435 2 0 0 0 0 0 0 0 0
436 2 0 0 0 0 0 0 0 0
437 2 0 0 2 0 0 0 0 0
440 2 0 0 0 0 0 0 0 0
441 2 0 0 0 0 0 0 0 0
442 2 0 0 0 0 0 0 0 0
448 2 0 0 0 0 0 0 0 0
449 2 0 0 0 0 0 0 0 0
450 4 0 0 0 0 0 0 0 0
454 2 1 1 0 0 0 0 0 0
455 2 0 0 0 0 0 0 0 0
458 2 0 0 2 1 1 0 0 0
459 2 0 0 2 0 0 0 0 0
460 2 0 0 0 0 0 0 0 0
462 2 0 0 0 0 0 0 0 0
463 2 0 0 0 0 0 0 0 0
464 2 0 0 0 0 0 0 0 0
468 2 0 0 0 0 0 0 0 0
469 2 0 0 0 0 0 0 0 0
470 2 0 0 0 0 0 0 0 0
471 2 0 0 0 0 0 0 0 0
472 2 0 0 0 0 0 0 0 0
473 2 1 1 0 0 0 0 0 0
480 2 0 0 0 0 0 0 0 0
481 2 0 0 0 0 0 0 0 0
483 2 0 0 0 0 0 0 0 0
484 2 0 0 0 0 0 0 0 0
486 2 0 0 2 0 0 0 0 0
487 2 0 0 2 1 1 0 0 0
488 2 0 0 0 0 0 0 0 0
490 2 0 0 0 0 0 0 0 0
491 2 0 0 0 0 0 0 0 0
492 2 0 0 0 0 0 0 0 0
496 2 0 0 0 0 0 0 0 0
497 2 0 0 0 0 0 0 0 0
498 2 0 0 0 0 0 0 0 0
499 2 0 0 0 0 0 0 0 0
500 2 1 1 0 0 0 0 0 0
501 2 0 0 0 0 0 0 0 0
542 1 1 1 0 0 0 0 0 0
543 1 0 0 1 1 1 0 0 0
544 1 0 0 1 0 0 0 0 0
545 1 0 0 0 0 0 0 0 0
546 1 0 0 0 0 0 0 0 0
548 1 0 0 0 0 0 0 0 0
549 1 0 0 0 0 0 0 0 0
550 1 1 1 0 0 0 0 0 0
551 1 0 0 0 0 0 0 0 0
552 1 0 0 0 0 0 0 0 0
553 1 0 0 0 0 0 0 0 0
554 1 0 0 0 0 0 0 0 0
555 1 0 0 1 0 0 0 0 0
559 1 0 0 0 0 0 0 0 0
560 1 0 0 0 0 0 0 0 0
561 1 0 0 0 0 0 0 0 0
567 1 0 0 0 0 0 0 0 0
568 1 0 0 0 0 0 0 0 0
569 2 0 0 0 0 0 0 0 0
573 1 1 1 0 0 0 0 0 0
574 1 0 0 0 0 0 0 0 0
577 1 0 0 1 0 0 0 0 0
578 1 0 0 1 1 0 0 0 0
579 1 0 0 0 0 0 0 0 0
581 1 0 0 0 0 0 0 0 0
582 1 0 0 0 0 0 0 0 0
583 1 0 0 0 0 0 0 0 0
587 1 0 0 0 0 0 0 0 0
588 1 0 0 0 0 0 0 0 0
589 1 0 0 0 0 0 0 0 0
590 1 0 0 0 0 0 0 0 0
591 1 0 0 0 0 0 0 0 0
592 1 1 1 0 0 0 0 0 0
661 9 1 1 0 0 0 0 0 0
662 9 0 0 9 0 0 0 0 0
663 9 0 0 9 1 0 0 0 0
664 9 0 0 0 0 0 0 0 0
665 9 0 0 0 0 0 0 0 0
667 9 0 0 0 0 0 0 0 0
668 9 0 0 0 0 0 0 0 0
669 9 1 1 0 0 0 0 0 0
670 9 0 0 0 0 0 0 0 0
671 9 0 0 0 0 0 0 0 0
672 9 0 0 0 0 0 0 0 0
673 9 0 0 0 0 0 0 0 0
674 1 0 0 1 0 0 0 0 0
678 1 0 0 0 0 0 0 0 0
679 1 0 0 0 0 0 0 0 0
680 1 0 0 0 0 0 0 0 0
686 1 0 0 0 0 0 0 0 0
687 1 0 0 0 0 0 0 0 0
688 2 0 0 0 0 0 0 0 0
692 1 1 1 0 0 0 0 0 0
693 1 0 0 0 0 0 0 0 0
696 1 0 0 1 0 0 0 0 0
697 1 0 0 1 0 0 0 0 0
698 1 0 0 0 0 0 0 0 0
700 1 0 0 0 0 0 0 0 0
701 1 0 0 0 0 0 0 0 0
702 1 0 0 0 0 0 0 0 0
706 1 0 0 0 0 0 0 0 0
707 1 0 0 0 0 0 0 0 0
708 1 0 0 0 0 0 0 0 0
709 1 0 0 0 0 0 0 0 0
710 1 0 0 0 0 0 0 0 0
711 1 1 1 0 0 0 0 0 0
718 1 0 0 0 0 0 0 0 0
719 1 0 0 0 0 0 0 0 0
721 1 0 0 0 0 0 0 0 0
722 1 0 0 0 0 0 0 0 0
724 1 0 0 1 0 0 0 0 0
725 1 0 0 1 0 0 0 0 0
726 1 0 0 0 0 0 0 0 0
728 1 0 0 0 0 0 0 0 0
729 1 0 0 0 0 0 0 0 0
730 1 0 0 0 0 0 0 0 0
734 1 0 0 0 0 0 0 0 0
735 1 0 0 0 0 0 0 0 0
736 1 0 0 0 0 0 0 0 0
737 1 0 0 0 0 0 0 0 0
738 1 1 1 0 0 0 0 0 0
739 1 0 0 0 0 0 0 0 0
780 8 1 1 0 0 0 0 0 0
781 8 0 0 8 0 0 0 0 0
782 8 0 0 8 0 0 0 0 0
783 8 0 0 0 0 0 0 0 0
784 8 0 0 0 0 0 0 0 0
786 8 0 0 0 0 0 0 0 0
787 8 0 0 0 0 0 0 0 0
788 8 1 1 0 0 0 0 0 0
789 8 0 0 0 0 0 0 0 0
790 8 0 0 0 0 0 0 0 0
791 8 0 0 0 0 0 0 0 0
792 8 0 0 0 0 0 0 0 0
793 4 0 0 4 0 0 0 0 0
797 4 0 0 0 0 0 0 0 0
798 4 0 0 0 0 0 0 0 0
799 4 0 0 0 0 0 0 0 0
805 4 0 0 0 0 0 0 0 0
806 4 0 0 0 0 0 0 0 0
807 8 0 0 0 0 0 0 0 0
811 5 1 1 0 0 0 0 0 0
812 5 0 0 0 0 0 0 0 0
815 5 0 0 5 2 1 0 0 0
816 5 0 0 5 0 0 0 0 0
817 5 0 0 0 0 0 0 0 0
819 5 0 0 0 0 0 0 0 0
820 5 0 0 0 0 0 0 0 0
821 5 0 0 0 0 0 0 0 0
825 5 0 0 0 0 0 0 0 0
826 5 0 0 0 0 0 0 0 0
827 5 0 0 0 0 0 0 0 0
828 5 0 0 0 0 0 0 0 0
829 5 0 0 0 0 0 0 0 0
830 5 1 1 0 0 0 0 0 0
837 2 0 0 0 0 0 0 0 0
838 2 0 0 0 0 0 0 0 0
840 2 0 0 0 0 0 0 0 0
841 2 0 0 0 0 0 0 0 0
843 2 0 0 2 0 0 0 0 0
844 2 0 0 2 0 0 0 0 0
845 2 0 0 0 0 0 0 0 0
847 2 0 0 0 0 0 0 0 0
848 2 0 0 0 0 0 0 0 0
849 2 0 0 0 0 0 0 0 0
853 2 0 0 0 0 0 0 0 0
854 2 0 0 0 0 0 0 0 0
855 2 0 0 0 0 0 0 0 0
856 2 0 0 0 0 0 0 0 0
857 2 1 1 0 0 0 0 0 0
858 2 0 0 0 0 0 0 0 0
865 1 0 0 0 0 0 0 0 0
866 1 0 0 0 0 0 0 0 0
867 1 0 0 0 0 0 0 0 0
899 31 1 1 0 0 0 0 0 0
900 31 0 0 31 4 2 0 0 0
901 31 0 0 31 5 4 0 0 0
902 31 0 0 0 0 0 0 0 0
903 31 0 0 0 0 0 0 0 0
905 31 0 0 0 0 0 0 0 0
906 31 0 0 0 0 0 0 0 0
907 31 1 1 0 0 0 0 0 0
908 31 0 0 0 0 0 0 0 0
909 31 0 0 0 0 0 0 0 0
910 31 0 0 0 0 0 0 0 0
911 31 0 0 0 0 0 0 0 0
912 30 0 0 30 0 0 0 0 0
916 30 0 0 0 0 0 0 0 0
917 30 0 0 0 0 0 0 0 0
918 30 0 0 0 0 0 0 0 0
924 30 0 0 0 0 0 0 0 0
925 30 0 0 0 0 0 0 0 0
926 60 0 0 0 0 0 0 0 0
930 31 1 1 0 0 0 0 0 0
931 31 0 0 0 0 0 0 0 0
934 31 0 0 31 4 3 0 0 0
935 31 0 0 31 2 1 0 0 0
936 31 0 0 0 0 0 0 0 0
938 31 0 0 0 0 0 0 0 0
939 31 0 0 0 0 0 0 0 0
940 31 0 0 0 0 0 0 0 0
944 31 0 0 0 0 0 0 0 0
945 31 0 0 0 0 0 0 0 0
946 31 0 0 0 0 0 0 0 0
947 31 0 0 0 0 0 0 0 0
948 31 0 0 0 0 0 0 0 0
949 31 1 1 0 0 0 0 0 0
956 2 0 0 0 0 0 0 0 0
957 2 0 0 0 0 0 0 0 0
959 2 0 0 0 0 0 0 0 0
960 2 0 0 0 0 0 0 0 0
962 2 0 0 2 0 0 0 0 0
963 2 0 0 2 1 1 0 0 0
964 2 0 0 0 0 0 0 0 0
966 2 0 0 0 0 0 0 0 0
967 2 0 0 0 0 0 0 0 0
968 2 0 0 0 0 0 0 0 0
972 2 0 0 0 0 0 0 0 0
973 2 0 0 0 0 0 0 0 0
974 2 0 0 0 0 0 0 0 0
975 2 0 0 0 0 0 0 0 0
976 2 1 1 0 0 0 0 0 0
977 2 0 0 0 0 0 0 0 0
984 1 0 0 0 0 0 0 0 0
985 1 0 0 0 0 0 0 0 0
986 1 0 0 0 0 0 0 0 0
1018 9 1 1 0 0 0 0 0 0
1019 9 0 0 9 1 1 0 0 0
1020 9 0 0 9 4 3 0 0 0
1021 9 0 0 0 0 0 0 0 0
1022 9 0 0 0 0 0 0 0 0
1024 9 0 0 0 0 0 0 0 0
1025 9 0 0 0 0 0 0 0 0
1026 9 1 1 0 0 0 0 0 0
1027 9 0 0 0 0 0 0 0 0
1028 9 0 0 0 0 0 0 0 0
1029 9 0 0 0 0 0 0 0 0
1030 9 0 0 0 0 0 0 0 0
1031 8 0 0 8 0 0 0 0 0
1035 8 0 0 0 0 0 0 0 0
1036 8 0 0 0 0 0 0 0 0
1037 8 0 0 0 0 0 0 0 0
1043 8 0 0 0 0 0 0 0 0
1044 8 0 0 0 0 0 0 0 0
1045 16 0 0 0 0 0 0 0 0
1049 8 1 1 0 0 0 0 0 0
1050 8 0 0 0 0 0 0 0 0
1053 8 0 0 8 3 3 0 0 0
1054 8 0 0 8 1 0 0 0 0
1055 8 0 0 0 0 0 0 0 0
1057 8 0 0 0 0 0 0 0 0
1058 8 0 0 0 0 0 0 0 0
1059 8 0 0 0 0 0 0 0 0
1063 8 0 0 0 0 0 0 0 0
1064 8 0 0 0 0 0 0 0 0
1065 8 0 0 0 0 0 0 0 0
1066 8 0 0 0 0 0 0 0 0
1067 8 0 0 0 0 0 0 0 0
1068 8 1 1 0 0 0 0 0 0
1075 1 0 0 0 0 0 0 0 0
1076 1 0 0 0 0 0 0 0 0
1078 1 0 0 0 0 0 0 0 0
1079 1 0 0 0 0 0 0 0 0
1081 1 0 0 1 1 1 0 0 0
1082 1 0 0 1 0 0 0 0 0
1083 1 0 0 0 0 0 0 0 0
1085 1 0 0 0 0 0 0 0 0
1086 1 0 0 0 0 0 0 0 0
1087 1 0 0 0 0 0 0 0 0
1091 1 0 0 0 0 0 0 0 0
1092 1 0 0 0 0 0 0 0 0
1093 1 0 0 0 0 0 0 0 0
1094 1 0 0 0 0 0 0 0 0
1095 1 1 1 0 0 0 0 0 0
1096 1 0 0 0 0 0 0 0 0
1137 11 1 1 0 0 0 0 0 0
1138 11 0 0 11 0 0 0 0 0
1139 11 0 0 11 1 1 0 0 0
1140 11 0 0 0 0 0 0 0 0
1141 11 0 0 0 0 0 0 0 0
1143 11 0 0 0 0 0 0 0 0
1144 11 0 0 0 0 0 0 0 0
1145 11 1 1 0 0 0 0 0 0
1146 11 0 0 0 0 0 0 0 0
1147 11 0 0 0 0 0 0 0 0
1148 11 0 0 0 0 0 0 0 0
1149 11 0 0 0 0 0 0 0 0
1150 4 0 0 4 0 0 0 0 0
1154 4 0 0 0 0 0 0 0 0
1155 4 0 0 0 0 0 0 0 0
1156 4 0 0 0 0 0 0 0 0
1162 4 0 0 0 0 0 0 0 0
1163 4 0 0 0 0 0 0 0 0
1164 8 0 0 0 0 0 0 0 0
1168 4 1 1 0 0 0 0 0 0
1169 4 0 0 0 0 0 0 0 0
1172 4 0 0 4 0 0 0 0 0
1173 4 0 0 4 2 1 0 0 0
1174 4 0 0 0 0 0 0 0 0
1176 4 0 0 0 0 0 0 0 0
1177 4 0 0 0 0 0 0 0 0
1178 4 0 0 0 0 0 0 0 0
1182 4 0 0 0 0 0 0 0 0
1183 4 0 0 0 0 0 0 0 0
1184 4 0 0 0 0 0 0 0 0
1185 4 0 0 0 0 0 0 0 0
1186 4 0 0 0 0 0 0 0 0
1187 4 1 1 0 0 0 0 0 0
1194 2 0 0 0 0 0 0 0 0
1195 2 0 0 0 0 0 0 0 0
1197 2 0 0 0 0 0 0 0 0
1198 2 0 0 0 0 0 0 0 0
1200 2 0 0 2 0 0 0 0 0
1201 2 0 0 2 0 0 0 0 0
1202 2 0 0 0 0 0 0 0 0
1204 2 0 0 0 0 0 0 0 0
1205 2 0 0 0 0 0 0 0 0
1206 2 0 0 0 0 0 0 0 0
1210 2 0 0 0 0 0 0 0 0
1211 2 0 0 0 0 0 0 0 0
1212 2 0 0 0 0 0 0 0 0
1213 2 0 0 0 0 0 0 0 0
1214 2 1 1 0 0 0 0 0 0
1215 2 0 0 0 0 0 0 0 0
1256 15 2 1 0 0 0 0 0 0
1257 15 0 0 15 2 2 0 0 0
1258 15 0 0 15 2 1 0 0 0
1259 15 0 0 0 0 0 0 0 0
1260 15 0 0 0 0 0 0 0 0
1262 15 0 0 0 0 0 0 0 0
1263 15 0 0 0 0 0 0 0 0
1264 15 3 1 0 0 0 0 0 0
1265 15 0 0 0 0 0 0 0 0
1266 15 0 0 0 0 0 0 0 0
1267 15 0 0 0 0 0 0 0 0
1268 15 0 0 0 0 0 0 0 0
1269 7 0 0 7 0 0 0 0 0
1273 7 0 0 0 0 0 0 0 0
1274 7 0 0 0 0 0 0 0 0
1275 7 0 0 0 0 0 0 0 0
1281 7 0 0 0 0 0 0 0 0
1282 7 0 0 0 0 0 0 0 0
1283 14 0 0 0 0 0 0 0 0
1287 7 2 1 0 0 0 0 0 0
1288 7 0 0 0 0 0 0 0 0
1291 7 0 0 7 1 1 0 0 0
1292 7 0 0 7 2 2 0 0 0
1293 7 0 0 0 0 0 0 0 0
1295 7 0 0 0 0 0 0 0 0
1296 7 0 0 0 0 0 0 0 0
1297 7 0 0 0 0 0 0 0 0
1301 7 0 0 0 0 0 0 0 0
1302 7 0 0 0 0 0 0 0 0
1303 7 0 0 0 0 0 0 0 0
1304 7 0 0 0 0 0 0 0 0
1305 7 0 0 0 0 0 0 0 0
1306 7 3 1 0 0 0 0 0 0
1313 1 0 0 0 0 0 0 0 0
1314 1 0 0 0 0 0 0 0 0
1316 1 0 0 0 0 0 0 0 0
1317 1 0 0 0 0 0 0 0 0
1319 1 0 0 1 0 0 0 0 0
1320 1 0 0 1 0 0 0 0 0
1321 1 0 0 0 0 0 0 0 0
1323 1 0 0 0 0 0 0 0 0
1324 1 0 0 0 0 0 0 0 0
1325 1 0 0 0 0 0 0 0 0
1329 1 0 0 0 0 0 0 0 0
1330 1 0 0 0 0 0 0 0 0
1331 1 0 0 0 0 0 0 0 0
1332 1 0 0 0 0 0 0 0 0
1333 1 1 1 0 0 0 0 0 0
1334 1 0 0 0 0 0 0 0 0
1375 21 3 1 0 0 0 0 0 0
1376 21 0 0 21 5 1 0 0 0
1377 21 0 0 21 3 1 0 0 0
1378 21 0 0 0 0 0 0 0 0
1379 21 0 0 0 0 0 0 0 0
1381 21 0 0 0 0 0 0 0 0
1382 21 0 0 0 0 0 0 0 0
1383 21 1 1 0 0 0 0 0 0
1384 21 0 0 0 0 0 0 0 0
1385 21 0 0 0 0 0 0 0 0
1386 21 0 0 0 0 0 0 0 0
1387 21 0 0 0 0 0 0 0 0
1388 18 0 0 18 0 0 0 0 0
1392 18 0 0 0 0 0 0 0 0
1393 18 0 0 0 0 0 0 0 0
1394 18 0 0 0 0 0 0 0 0
1400 18 0 0 0 0 0 0 0 0
1401 18 0 0 0 0 0 0 0 0
1402 36 0 0 0 0 0 0 0 0
1406 18 3 1 0 0 0 0 0 0
1407 18 0 0 0 0 0 0 0 0
1410 18 0 0 18 3 1 0 0 0
1411 18 0 0 18 6 1 0 0 0
1412 18 0 0 0 0 0 0 0 0
1414 18 0 0 0 0 0 0 0 0
1415 18 0 0 0 0 0 0 0 0
1416 18 0 0 0 0 0 0 0 0
1420 18 0 0 0 0 0 0 0 0
1421 18 0 0 0 0 0 0 0 0
1422 18 0 0 0 0 0 0 0 0
1423 18 0 0 0 0 0 0 0 0
1424 18 0 0 0 0 0 0 0 0
1425 18 1 1 0 0 0 0 0 0
1432 5 0 0 0 0 0 0 0 0
1433 5 0 0 0 0 0 0 0 0
1435 5 0 0 0 0 0 0 0 0
1436 5 0 0 0 0 0 0 0 0
1438 5 0 0 5 0 0 0 0 0
1439 5 0 0 5 0 0 0 0 0
1440 5 0 0 0 0 0 0 0 0
1442 5 0 0 0 0 0 0 0 0
1443 5 0 0 0 0 0 0 0 0
1444 5 0 0 0 0 0 0 0 0
1448 5 0 0 0 0 0 0 0 0
1449 5 0 0 0 0 0 0 0 0
1450 5 0 0 0 0 0 0 0 0
1451 5 0 0 0 0 0 0 0 0
1452 5 1 1 0 0 0 0 0 0
1453 5 0 0 0 0 0 0 0 0
1466 1 0 0 0 0 0 0 0 0
1467 1 0 0 0 0 0 0 0 0
1468 1 0 0 0 0 0 0 0 0
1469 1 0 0 0 0 0 0 0 0
1476 1 0 0 0 0 0 0 0 0
1477 1 0 0 0 0 0 0 0 0
1478 1 0 0 0 0 0 0 0 0
1494 23 1 1 0 0 0 0 0 0
1495 23 0 0 23 3 3 0 0 0
1496 23 0 0 23 3 2 0 0 0
1497 23 0 0 0 0 0 0 0 0
1498 23 0 0 0 0 0 0 0 0
1500 23 0 0 0 0 0 0 0 0
1501 23 0 0 0 0 0 0 0 0
1502 23 1 1 0 0 0 0 0 0
1503 23 0 0 0 0 0 0 0 0
1504 23 0 0 0 0 0 0 0 0
1505 23 0 0 0 0 0 0 0 0
1506 23 0 0 0 0 0 0 0 0
1507 8 0 0 8 0 0 0 0 0
1511 8 0 0 0 0 0 0 0 0
1512 8 0 0 0 0 0 0 0 0
1513 8 0 0 0 0 0 0 0 0
1519 8 0 0 0 0 0 0 0 0
1520 8 0 0 0 0 0 0 0 0
1521 16 0 0 0 0 0 0 0 0
1525 9 1 1 0 0 0 0 0 0
1526 9 0 0 0 0 0 0 0 0
1529 9 0 0 9 3 2 0 0 0
1530 9 0 0 9 3 3 0 0 0
1531 9 0 0 0 0 0 0 0 0
1533 9 0 0 0 0 0 0 0 0
1534 9 0 0 0 0 0 0 0 0
1535 9 0 0 0 0 0 0 0 0
1539 9 0 0 0 0 0 0 0 0
1540 9 0 0 0 0 0 0 0 0
1541 9 0 0 0 0 0 0 0 0
1542 9 0 0 0 0 0 0 0 0
1543 9 0 0 0 0 0 0 0 0
1544 9 1 1 0 0 0 0 0 0
1551 1 0 0 0 0 0 0 0 0
1552 1 0 0 0 0 0 0 0 0
1554 1 0 0 0 0 0 0 0 0
1555 1 0 0 0 0 0 0 0 0
1557 1 0 0 1 0 0 0 0 0
1558 1 0 0 1 0 0 0 0 0
1559 1 0 0 0 0 0 0 0 0
1561 1 0 0 0 0 0 0 0 0
1562 1 0 0 0 0 0 0 0 0
1563 1 0 0 0 0 0 0 0 0
1567 1 0 0 0 0 0 0 0 0
1568 1 0 0 0 0 0 0 0 0
1569 1 0 0 0 0 0 0 0 0
1570 1 0 0 0 0 0 0 0 0
1571 1 1 1 0 0 0 0 0 0
1572 1 0 0 0 0 0 0 0 0
1579 1 0 0 0 0 0 0 0 0
1580 1 0 0 0 0 0 0 0 0
1581 1 0 0 0 0 0 0 0 0
1613 51 2 1 0 0 0 0 0 0
1614 51 0 0 51 6 2 0 0 0
1615 51 0 0 51 6 2 0 0 0
1616 51 0 0 0 0 0 0 0 0
1617 51 0 0 0 0 0 0 0 0
1619 51 0 0 0 0 0 0 0 0
1620 51 0 0 0 0 0 0 0 0
1621 51 2 1 0 0 0 0 0 0
1622 51 0 0 0 0 0 0 0 0
1623 51 0 0 0 0 0 0 0 0
1624 51 0 0 0 0 0 0 0 0
1625 51 0 0 0 0 0 0 0 0
1626 13 0 0 13 0 0 0 0 0
1630 13 0 0 0 0 0 0 0 0
1631 13 0 0 0 0 0 0 0 0
1632 13 0 0 0 0 0 0 0 0
1638 13 0 0 0 0 0 0 0 0
1639 13 0 0 0 0 0 0 0 0
1640 26 0 0 0 0 0 0 0 0
1644 14 2 1 0 0 0 0 0 0
1645 14 0 0 0 0 0 0 0 0
1648 14 0 0 14 2 1 0 0 0
1649 14 0 0 14 5 1 0 0 0
1650 14 0 0 0 0 0 0 0 0
1652 14 0 0 0 0 0 0 0 0
1653 14 0 0 0 0 0 0 0 0
1654 14 0 0 0 0 0 0 0 0
1658 14 0 0 0 0 0 0 0 0
1659 14 0 0 0 0 0 0 0 0
1660 14 0 0 0 0 0 0 0 0
1661 14 0 0 0 0 0 0 0 0
1662 14 0 0 0 0 0 0 0 0
1663 14 2 1 0 0 0 0 0 0
1670 6 0 0 0 0 0 0 0 0
1671 6 0 0 0 0 0 0 0 0
1673 6 0 0 0 0 0 0 0 0
1674 6 0 0 0 0 0 0 0 0
1676 6 0 0 6 1 0 0 0 0
1677 6 0 0 6 1 1 0 0 0
1678 6 0 0 0 0 0 0 0 0
1680 6 0 0 0 0 0 0 0 0
1681 6 0 0 0 0 0 0 0 0
1682 6 0 0 0 0 0 0 0 0
1686 6 0 0 0 0 0 0 0 0
1687 6 0 0 0 0 0 0 0 0
1688 6 0 0 0 0 0 0 0 0
1689 6 0 0 0 0 0 0 0 0
1690 6 1 1 0 0 0 0 0 0
1691 6 0 0 0 0 0 0 0 0
1698 1 0 0 0 0 0 0 0 0
1699 1 0 0 0 0 0 0 0 0
1700 1 0 0 0 0 0 0 0 0
1732 34 2 1 0 0 0 0 0 0
1733 34 0 0 34 6 3 0 0 0
1734 34 0 0 34 2 1 0 0 0
1735 34 0 0 0 0 0 0 0 0
1736 34 0 0 0 0 0 0 0 0
1738 34 0 0 0 0 0 0 0 0
1739 34 0 0 0 0 0 0 0 0
1740 34 2 1 0 0 0 0 0 0
1741 34 0 0 0 0 0 0 0 0
1742 34 0 0 0 0 0 0 0 0
1743 34 0 0 0 0 0 0 0 0
1744 34 0 0 0 0 0 0 0 0
1745 20 0 0 20 0 0 0 0 0
1749 20 0 0 0 0 0 0 0 0
1750 20 0 0 0 0 0 0 0 0
1751 20 0 0 0 0 0 0 0 0
1757 20 0 0 0 0 0 0 0 0
1758 20 0 0 0 0 0 0 0 0
1759 40 0 0 0 0 0 0 0 0
1763 21 2 1 0 0 0 0 0 0
1764 21 0 0 0 0 0 0 0 0
1767 21 0 0 21 1 1 0 0 0
1768 21 0 0 21 5 2 0 0 0
1769 21 0 0 0 0 0 0 0 0
1771 21 0 0 0 0 0 0 0 0
1772 21 0 0 0 0 0 0 0 0
1773 21 0 0 0 0 0 0 0 0
1777 21 0 0 0 0 0 0 0 0
1778 21 0 0 0 0 0 0 0 0
1779 21 0 0 0 0 0 0 0 0
1780 21 0 0 0 0 0 0 0 0
1781 21 0 0 0 0 0 0 0 0
1782 21 2 1 0 0 0 0 0 0
1789 4 0 0 0 0 0 0 0 0
1790 4 0 0 0 0 0 0 0 0
1792 4 0 0 0 0 0 0 0 0
1793 4 0 0 0 0 0 0 0 0
1795 4 0 0 4 0 0 0 0 0
1796 4 0 0 4 3 3 0 0 0
1797 4 0 0 0 0 0 0 0 0
1799 4 0 0 0 0 0 0 0 0
1800 4 0 0 0 0 0 0 0 0
1801 4 0 0 0 0 0 0 0 0
1805 4 0 0 0 0 0 0 0 0
1806 4 0 0 0 0 0 0 0 0
1807 4 0 0 0 0 0 0 0 0
1808 4 0 0 0 0 0 0 0 0
1809 4 1 1 0 0 0 0 0 0
1810 4 0 0 0 0 0 0 0 0
1817 1 0 0 0 0 0 0 0 0
1818 1 0 0 0 0 0 0 0 0
1819 1 0 0 0 0 0 0 0 0
1851 23 2 1 0 0 0 0 0 0
1852 23 0 0 23 2 1 0 0 0
1853 23 0 0 23 4 1 0 0 0
1854 23 0 0 0 0 0 0 0 0
1855 23 0 0 0 0 0 0 0 0
1857 23 0 0 0 0 0 0 0 0
1858 23 0 0 0 0 0 0 0 0
1859 23 1 1 0 0 0 0 0 0
1860 23 0 0 0 0 0 0 0 0
1861 23 0 0 0 0 0 0 0 0
1862 23 0 0 0 0 0 0 0 0
1863 23 0 0 0 0 0 0 0 0
1864 12 0 0 12 0 0 0 0 0
1868 12 0 0 0 0 0 0 0 0
1869 12 0 0 0 0 0 0 0 0
1870 12 0 0 0 0 0 0 0 0
1876 12 0 0 0 0 0 0 0 0
1877 12 0 0 0 0 0 0 0 0
1878 24 0 0 0 0 0 0 0 0
1882 12 1 1 0 0 0 0 0 0
1883 12 0 0 0 0 0 0 0 0
1886 12 0 0 12 2 2 0 0 0
1887 12 0 0 12 4 3 0 0 0
1888 12 0 0 0 0 0 0 0 0
1890 12 0 0 0 0 0 0 0 0
1891 12 0 0 0 0 0 0 0 0
1892 12 0 0 0 0 0 0 0 0
1896 12 0 0 0 0 0 0 0 0
1897 12 0 0 0 0 0 0 0 0
1898 12 0 0 0 0 0 0 0 0
1899 12 0 0 0 0 0 0 0 0
1900 12 0 0 0 0 0 0 0 0
1901 12 2 1 0 0 0 0 0 0
1908 1 0 0 0 0 0 0 0 0
1909 1 0 0 0 0 0 0 0 0
1911 1 0 0 0 0 0 0 0 0
1912 1 0 0 0 0 0 0 0 0
1914 1 0 0 1 0 0 0 0 0
1915 1 0 0 1 0 0 0 0 0
1916 1 0 0 0 0 0 0 0 0
1918 1 0 0 0 0 0 0 0 0
1919 1 0 0 0 0 0 0 0 0
1920 1 0 0 0 0 0 0 0 0
1924 1 0 0 0 0 0 0 0 0
1925 1 0 0 0 0 0 0 0 0
1926 1 0 0 0 0 0 0 0 0
1927 1 0 0 0 0 0 0 0 0
1928 1 1 1 0 0 0 0 0 0
1929 1 0 0 0 0 0 0 0 0
1970 26 1 1 0 0 0 0 0 0
1971 26 0 0 26 5 4 0 0 0
1972 26 0 0 26 5 3 0 0 0
1973 26 0 0 0 0 0 0 0 0
1974 26 0 0 0 0 0 0 0 0
1976 26 0 0 0 0 0 0 0 0
1977 26 0 0 0 0 0 0 0 0
1978 26 1 1 0 0 0 0 0 0
1979 26 0 0 0 0 0 0 0 0
1980 26 0 0 0 0 0 0 0 0
1981 26 0 0 0 0 0 0 0 0
1982 26 0 0 0 0 0 0 0 0
1984 7 0 0 7 0 0 0 0 0
1988 7 0 0 0 0 0 0 0 0
1989 7 0 0 0 0 0 0 0 0
1990 7 0 0 0 0 0 0 0 0
1996 7 0 0 0 0 0 0 0 0
1997 7 0 0 0 0 0 0 0 0
1999 14 0 0 0 0 0 0 0 0
2003 7 1 1 0 0 0 0 0 0
2004 7 0 0 0 0 0 0 0 0
2007 7 0 0 7 2 2 0 0 0
2008 7 0 0 7 3 3 0 0 0
2009 7 0 0 0 0 0 0 0 0
2011 7 0 0 0 0 0 0 0 0
2012 7 0 0 0 0 0 0 0 0
2013 7 0 0 0 0 0 0 0 0
2017 7 0 0 0 0 0 0 0 0
2018 7 0 0 0 0 0 0 0 0
2019 7 0 0 0 0 0 0 0 0
2020 7 0 0 0 0 0 0 0 0
2021 7 0 0 0 0 0 0 0 0
2022 7 1 1 0 0 0 0 0 0
2029 1 0 0 0 0 0 0 0 0
2030 1 0 0 0 0 0 0 0 0
2032 1 0 0 0 0 0 0 0 0
2033 1 0 0 0 0 0 0 0 0
2035 1 0 0 1 0 0 0 0 0
2036 1 0 0 1 0 0 0 0 0
2037 1 0 0 0 0 0 0 0 0
2039 1 0 0 0 0 0 0 0 0
2040 1 0 0 0 0 0 0 0 0
2041 1 0 0 0 0 0 0 0 0
2045 1 0 0 0 0 0 0 0 0
2046 1 0 0 0 0 0 0 0 0
2047 1 0 0 0 0 0 0 0 0
2048 1 0 0 0 0 0 0 0 0
2049 1 1 1 0 0 0 0 0 0
2050 1 0 0 0 0 0 0 0 0
2093 222 3 0 0 0 0 0 0 0
2095 359 1 1 0 0 0 0 0 0
2096 359 0 0 0 0 0 0 0 0
2097 359 0 0 0 0 0 0 0 0
2098 359 0 0 0 0 0 0 0 0
2099 286 0 0 0 0 0 0 0 0
2104 2450 2 1 0 0 0 0 0 0
2110 2450 0 0 2450 0 0 0 0 0
2111 2450 0 0 2450 0 0 0 0 0
2119 2450 0 0 0 0 0 0 0 0
2120 2450 0 0 2450 0 0 0 0 0
fn=strncmp
98 1 1 1 0 0 0 0 0 0
125 1 0 0 0 0 0 0 0 0
126 1 0 0 0 0 0 0 0 0
127 1 0 0 0 0 0 0 0 0
128 1 0 0 0 0 0 0 0 0
129 1 0 0 0 0 0 0 0 0
131 1 0 0 0 0 0 0 0 0
132 1 0 0 0 0 0 0 0 0
134 1 1 1 0 0 0 0 0 0
135 1 0 0 0 0 0 0 0 0
156 1 0 0 0 0 0 0 0 0
157 1 0 0 0 0 0 0 0 0
158 1 0 0 0 0 0 0 0 0
159 1 0 0 0 0 0 0 0 0
160 1 0 0 1 0 0 0 0 0
161 1 0 0 1 0 0 0 0 0
162 1 0 0 1 0 0 0 0 0
163 1 0 0 1 0 0 0 0 0
180 1 0 0 0 0 0 0 0 0
181 1 0 0 0 0 0 0 0 0
182 1 0 0 0 0 0 0 0 0
183 1 0 0 0 0 0 0 0 0
184 1 0 0 0 0 0 0 0 0
185 1 0 0 0 0 0 0 0 0
186 1 1 1 0 0 0 0 0 0
2104 1 1 1 0 0 0 0 0 0
2107 1 0 0 0 0 0 0 0 0
2108 1 0 0 0 0 0 0 0 0
2110 1 0 0 1 0 0 0 0 0
2111 1 0 0 1 0 0 0 0 0
2119 1 0 0 0 0 0 0 0 0
2120 1 0 0 1 0 0 0 0 0
fl=./string/../sysdeps/x86_64/multiarch/../multiarch/strlen-sse2.S
fn=strlen
57 30 1 1 0 0 0 0 0 0
101 30 0 0 0 0 0 0 0 0
102 30 0 0 0 0 0 0 0 0
103 30 0 0 0 0 0 0 0 0
104 30 0 0 0 0 0 0 0 0
105 30 0 0 0 0 0 0 0 0
106 30 0 0 0 0 0 0 0 0
107 30 0 0 0 0 0 0 0 0
109 30 0 0 0 0 0 0 0 0
111 30 0 0 0 0 0 0 0 0
142 29 0 0 29 5 5 0 0 0
143 29 0 0 0 0 0 0 0 0
144 29 0 0 0 0 0 0 0 0
145 29 0 0 0 0 0 0 0 0
146 29 0 0 0 0 0 0 0 0
147 15 0 0 0 0 0 0 0 0
149 15 0 0 15 0 0 0 0 0
153 14 1 1 0 0 0 0 0 0
154 14 0 0 14 0 0 0 0 0
155 14 0 0 14 0 0 0 0 0
156 14 0 0 14 0 0 0 0 0
157 14 0 0 0 0 0 0 0 0
158 14 0 0 0 0 0 0 0 0
159 14 0 0 0 0 0 0 0 0
160 14 0 0 0 0 0 0 0 0
161 14 0 0 0 0 0 0 0 0
162 14 0 0 0 0 0 0 0 0
163 14 0 0 0 0 0 0 0 0
164 14 0 0 0 0 0 0 0 0
169 112 1 1 14 0 0 0 0 0
173 1 0 0 0 0 0 0 0 0
174 14 1 1 4 0 0 0 0 0
175 8 0 0 1 0 0 0 0 0
fl=./string/../sysdeps/x86_64/multiarch/ifunc-avx2.h
fn=memrchr
38 4 1 1 0 0 0 0 0 0
40 3 0 0 2 0 0 0 0 0
41 2 0 0 1 0 0 0 0 0
42 3 0 0 1 0 0 0 0 0
45 2 0 0 0 0 0 0 0 0
46 2 0 0 0 0 0 0 0 0
49 3 0 0 0 0 0 0 0 0
52 6 0 0 0 0 0 0 0 0
fn=rindex
38 4 0 0 0 0 0 0 0 0
40 3 1 1 2 0 0 0 0 0
41 2 0 0 1 0 0 0 0 0
42 3 0 0 1 0 0 0 0 0
45 2 0 0 0 0 0 0 0 0
46 2 0 0 0 0 0 0 0 0
49 3 0 0 0 0 0 0 0 0
52 6 1 1 0 0 0 0 0 0
fn=strchrnul
38 4 0 0 0 0 0 0 0 0
40 3 1 1 2 0 0 0 0 0
41 2 0 0 1 0 0 0 0 0
42 3 0 0 1 0 0 0 0 0
45 2 0 0 0 0 0 0 0 0
46 2 0 0 0 0 0 0 0 0
49 3 0 0 0 0 0 0 0 0
52 6 1 1 0 0 0 0 0 0
fn=strlen
38 8 1 1 0 0 0 0 0 0
40 6 0 0 4 2 0 0 0 0
41 4 0 0 2 0 0 0 0 0
42 6 0 0 2 1 0 0 0 0
45 4 0 0 0 0 0 0 0 0
46 4 0 0 0 0 0 0 0 0
49 6 0 0 0 0 0 0 0 0
52 12 1 1 0 0 0 0 0 0
fn=strnlen
38 8 0 0 0 0 0 0 0 0
40 6 1 1 4 0 0 0 0 0
41 4 0 0 2 0 0 0 0 0
42 6 0 0 2 0 0 0 0 0
45 4 0 0 0 0 0 0 0 0
46 4 0 0 0 0 0 0 0 0
49 6 0 0 0 0 0 0 0 0
52 12 1 1 0 0 0 0 0 0
fl=./string/../sysdeps/x86_64/multiarch/ifunc-evex.h
fn=memchr
37 8 0 0 0 0 0 0 0 0
38 6 0 0 4 0 0 0 0 0
39 6 1 1 2 0 0 0 0 0
42 4 0 0 0 0 0 0 0 0
43 4 0 0 0 0 0 0 0 0
45 4 0 0 0 0 0 0 0 0
51 6 0 0 0 0 0 0 0 0
54 8 0 0 0 0 0 0 0 0
fl=./string/../sysdeps/x86_64/multiarch/ifunc-memcmp.h
fn=bcmp
34 5 0 0 2 0 0 0 0 0
35 2 0 0 1 0 0 0 0 0
36 2 0 0 0 0 0 0 0 0
37 3 1 1 1 0 0 0 0 0
40 2 0 0 0 0 0 0 0 0
41 2 0 0 0 0 0 0 0 0
44 3 0 0 0 0 0 0 0 0
47 4 0 0 0 0 0 0 0 0
fl=./string/../sysdeps/x86_64/multiarch/ifunc-memmove.h
fn=memcpy@@GLIBC_2.14
56 4 0 0 0 0 0 0 0 0
57 6 0 0 4 0 0 0 0 0
60 6 0 0 2 0 0 0 0 0
61 4 1 1 0 0 0 0 0 0
74 4 0 0 0 0 0 0 0 0
77 4 0 0 0 0 0 0 0 0
85 4 0 0 0 0 0 0 0 0
93 4 1 1 0 0 0 0 0 0
96 10 2 2 2 0 0 0 0 0
fn=memmove
56 4 0 0 0 0 0 0 0 0
57 6 0 0 4 0 0 0 0 0
60 6 1 1 2 0 0 0 0 0
61 4 1 1 0 0 0 0 0 0
74 4 0 0 0 0 0 0 0 0
77 4 0 0 0 0 0 0 0 0
85 4 0 0 0 0 0 0 0 0
93 4 0 0 0 0 0 0 0 0
96 10 1 1 2 0 0 0 0 0
fn=mempcpy
56 2 0 0 0 0 0 0 0 0
57 3 0 0 2 0 0 0 0 0
60 3 0 0 1 0 0 0 0 0
61 2 1 1 0 0 0 0 0 0
74 2 0 0 0 0 0 0 0 0
77 2 0 0 0 0 0 0 0 0
85 2 0 0 0 0 0 0 0 0
93 2 1 1 0 0 0 0 0 0
96 5 1 1 1 0 0 0 0 0
fl=./string/../sysdeps/x86_64/multiarch/ifunc-memset.h
fn=memset
54 10 1 1 4 0 0 0 0 0
57 6 0 0 2 0 0 0 0 0
58 4 2 1 0 0 0 0 0 0
64 4 0 0 0 0 0 0 0 0
73 4 0 0 0 0 0 0 0 0
75 4 0 0 0 0 0 0 0 0
85 4 0 0 0 0 0 0 0 0
93 4 0 0 0 0 0 0 0 0
96 10 0 0 2 0 0 0 0 0
fl=./string/../sysdeps/x86_64/multiarch/ifunc-sse4_2.h
fn=strcspn
36 5 1 1 2 0 0 0 0 0
fn=strpbrk
36 5 0 0 2 1 0 0 0 0
fn=strspn
36 5 0 0 2 0 0 0 0 0
fl=./string/../sysdeps/x86_64/multiarch/ifunc-strcasecmp.h
fn=strcasecmp
36 4 0 0 0 0 0 0 0 0
37 2 1 1 2 0 0 0 0 0
38 3 1 1 1 0 0 0 0 0
41 2 0 0 0 0 0 0 0 0
42 2 0 0 0 0 0 0 0 0
45 3 0 0 0 0 0 0 0 0
48 5 0 0 0 0 0 0 0 0
fn=strcasecmp_l
36 4 0 0 0 0 0 0 0 0
37 2 0 0 2 0 0 0 0 0
38 3 1 1 1 0 0 0 0 0
41 2 0 0 0 0 0 0 0 0
42 2 0 0 0 0 0 0 0 0
45 3 0 0 0 0 0 0 0 0
48 5 1 1 0 0 0 0 0 0
fn=strncasecmp
36 4 0 0 0 0 0 0 0 0
37 2 1 1 2 0 0 0 0 0
38 3 1 1 1 0 0 0 0 0
41 2 0 0 0 0 0 0 0 0
42 2 0 0 0 0 0 0 0 0
45 3 0 0 0 0 0 0 0 0
48 5 0 0 0 0 0 0 0 0
fn=strncasecmp_l
36 4 0 0 0 0 0 0 0 0
37 2 0 0 2 0 0 0 0 0
38 3 1 1 1 0 0 0 0 0
41 2 0 0 0 0 0 0 0 0
42 2 0 0 0 0 0 0 0 0
45 3 0 0 0 0 0 0 0 0
48 5 1 1 0 0 0 0 0 0
fl=./string/../sysdeps/x86_64/multiarch/ifunc-strcpy.h
fn=stpcpy
38 4 0 0 2 0 0 0 0 0
39 3 1 1 1 0 0 0 0 0
42 2 0 0 0 0 0 0 0 0
43 2 0 0 0 0 0 0 0 0
46 3 0 0 0 0 0 0 0 0
49 3 0 0 0 0 0 0 0 0
fn=strcat
38 4 0 0 2 0 0 0 0 0
39 3 0 0 1 0 0 0 0 0
42 2 0 0 0 0 0 0 0 0
43 2 0 0 0 0 0 0 0 0
46 3 0 0 0 0 0 0 0 0
49 3 0 0 0 0 0 0 0 0
fn=strcpy
38 4 0 0 2 0 0 0 0 0
39 3 0 0 1 0 0 0 0 0
42 2 0 0 0 0 0 0 0 0
43 2 0 0 0 0 0 0 0 0
46 3 0 0 0 0 0 0 0 0
49 3 0 0 0 0 0 0 0 0
fl=./string/../sysdeps/x86_64/multiarch/ifunc-strncpy.h
fn=stpncpy
35 5 0 0 2 0 0 0 0 0
36 3 0 0 1 0 0 0 0 0
39 2 0 0 0 0 0 0 0 0
40 2 0 0 0 0 0 0 0 0
43 3 0 0 0 0 0 0 0 0
46 4 0 0 0 0 0 0 0 0
fn=strncpy
35 5 1 1 2 0 0 0 0 0
36 3 0 0 1 0 0 0 0 0
39 2 0 0 0 0 0 0 0 0
40 2 0 0 0 0 0 0 0 0
43 3 0 0 0 0 0 0 0 0
46 4 0 0 0 0 0 0 0 0
fl=./string/../sysdeps/x86_64/multiarch/memchr.c
fn=memchr
29 4 1 1 2 0 0 0 0 0
fl=./string/../sysdeps/x86_64/multiarch/memcmp-avx2-movbe.S
fn=__memcmp_avx2_movbe
73 49 1 1 0 0 0 0 0 0
80 49 0 0 0 0 0 0 0 0
81 49 0 0 0 0 0 0 0 0
156 39 1 1 0 0 0 0 0 0
166 39 0 0 39 0 0 0 0 0
167 39 0 0 39 0 0 0 0 0
168 39 0 0 0 0 0 0 0 0
171 78 0 0 39 0 0 0 0 0
401 49 1 1 0 0 0 0 0 0
402 49 0 0 0 0 0 0 0 0
407 49 0 0 0 0 0 0 0 0
408 49 0 0 0 0 0 0 0 0
409 49 0 0 0 0 0 0 0 0
410 49 0 0 0 0 0 0 0 0
411 49 0 0 0 0 0 0 0 0
414 49 0 0 49 0 0 0 0 0
415 49 0 0 49 0 0 0 0 0
416 49 0 0 0 0 0 0 0 0
417 49 0 0 0 0 0 0 0 0
420 49 0 0 0 0 0 0 0 0
421 49 0 0 0 0 0 0 0 0
422 10 0 0 0 0 0 0 0 0
423 20 0 0 10 0 0 0 0 0
fl=./string/../sysdeps/x86_64/multiarch/memcmp.c
fn=bcmp
29 4 1 1 1 0 0 0 0 0
fl=./string/../sysdeps/x86_64/multiarch/memcmpeq.c
fn=memcpy@@GLIBC_2.14
29 2 1 1 0 0 0 0 0 0
fl=./string/../sysdeps/x86_64/multiarch/memmove-vec-unaligned-erms.S
fn=__memcpy_avx_unaligned_erms
255 52 2 1 0 0 0 0 0 0
256 52 0 0 0 0 0 0 0 0
262 53 0 0 0 0 0 0 0 0
263 53 0 0 0 0 0 0 0 0
265 2 0 0 2 0 0 0 0 0
266 2 0 0 0 0 0 0 0 0
267 2 0 0 0 0 0 0 0 0
305 51 0 0 0 0 0 0 0 0
306 51 0 0 0 0 0 0 0 0
308 33 0 0 0 0 0 0 0 0
309 33 0 0 0 0 0 0 0 0
311 29 0 0 0 0 0 0 0 0
315 29 0 0 0 0 0 0 0 0
316 9 0 0 0 0 0 0 0 0
317 9 0 0 0 0 0 0 0 0
318 9 0 0 9 0 0 0 0 0
319 9 0 0 0 0 0 0 0 0
320 9 0 0 9 0 0 0 0 0
321 9 0 0 0 0 0 9 0 0
323 9 0 0 0 0 0 9 0 0
325 9 0 0 9 0 0 0 0 0
331 20 1 1 20 0 0 0 0 0
332 20 0 0 20 0 0 0 0 0
333 20 0 0 0 0 0 20 5 3
334 20 0 0 0 0 0 20 0 0
335 20 0 0 20 0 0 0 0 0
342 18 0 0 18 3 1 0 0 0
343 18 0 0 18 0 0 0 0 0
344 18 0 0 0 0 0 18 1 1
345 18 0 0 0 0 0 18 0 0
347 18 0 0 18 0 0 0 0 0
364 4 3 0 4 0 0 0 0 0
365 4 0 0 4 0 0 0 0 0
366 4 0 0 0 0 0 4 1 1
367 4 0 0 0 0 0 4 0 0
368 4 0 0 4 0 0 0 0 0
375 2 1 1 2 0 0 0 0 0
376 2 0 0 2 0 0 0 0 0
377 2 0 0 0 0 0 2 1 1
378 2 0 0 0 0 0 2 0 0
379 2 0 0 0 0 0 2 0 0
380 2 0 0 0 0 0 2 0 0
381 4 0 0 2 0 0 0 0 0
386 2 1 1 2 1 0 0 0 0
387 2 0 0 0 0 0 0 0 0
392 2 0 0 0 0 0 0 0 0
393 2 0 0 0 0 0 0 0 0
395 2 0 0 2 0 0 0 0 0
396 2 0 0 0 0 0 0 0 0
397 2 0 0 0 0 0 0 0 0
fn=__mempcpy_avx_unaligned_erms
242 1 1 1 0 0 0 0 0 0
243 1 0 0 0 0 0 0 0 0
244 1 0 0 0 0 0 0 0 0
245 1 0 0 0 0 0 0 0 0
fn=memcpy
210 31 2 1 0 0 0 0 0 0
211 31 0 0 0 0 0 0 0 0
217 59 0 0 0 0 0 0 0 0
218 59 0 0 0 0 0 0 0 0
220 30 0 0 30 1 0 0 0 0
221 30 0 0 0 0 0 0 0 0
222 30 0 0 0 0 0 0 0 0
224 15 0 0 15 0 0 0 0 0
225 15 0 0 0 0 0 15 1 1
226 15 0 0 0 0 0 15 4 4
228 15 0 0 15 0 0 0 0 0
308 29 2 1 0 0 0 0 0 0
309 29 0 0 0 0 0 0 0 0
311 8 0 0 0 0 0 0 0 0
315 8 0 0 0 0 0 0 0 0
316 8 0 0 0 0 0 0 0 0
317 8 0 0 0 0 0 0 0 0
318 1 0 0 1 1 1 0 0 0
319 1 0 0 0 0 0 0 0 0
323 1 0 0 0 0 0 1 1 1
325 8 0 0 8 0 0 0 0 0
364 21 1 1 21 0 0 0 0 0
365 21 0 0 21 0 0 0 0 0
366 21 0 0 0 0 0 21 6 6
367 21 0 0 0 0 0 21 0 0
368 21 0 0 21 0 0 0 0 0
375 15 0 0 15 0 0 0 0 0
376 15 0 0 15 0 0 0 0 0
377 15 0 0 0 0 0 15 3 3
378 15 0 0 0 0 0 15 2 2
379 15 0 0 0 0 0 15 5 5
380 15 0 0 0 0 0 15 0 0
381 15 0 0 15 0 0 0 0 0
392 15 1 0 0 0 0 0 0 0
393 15 0 0 0 0 0 0 0 0
395 15 0 0 15 0 0 0 0 0
396 15 2 1 0 0 0 0 0 0
397 15 0 0 0 0 0 0 0 0
fn=mempcpy
197 28 0 0 0 0 0 0 0 0
198 28 0 0 0 0 0 0 0 0
199 28 0 0 0 0 0 0 0 0
200 28 0 0 0 0 0 0 0 0
fl=./string/../sysdeps/x86_64/multiarch/memmove.c
fn=memmove
29 2 1 1 0 0 0 0 0 0
fl=./string/../sysdeps/x86_64/multiarch/mempcpy.c
fn=mempcpy
33 1 1 1 0 0 0 0 0 0
fl=./string/../sysdeps/x86_64/multiarch/memrchr.c
fn=memrchr
29 3 1 1 1 0 0 0 0 0
fl=./string/../sysdeps/x86_64/multiarch/memset-vec-unaligned-erms.S
fn=__memset_avx2_unaligned_erms
158 62 1 1 0 0 0 0 0 0
159 124 0 0 0 0 0 0 0 0
164 62 0 0 0 0 0 0 0 0
165 62 0 0 0 0 0 0 0 0
166 54 0 0 0 0 0 0 0 0
167 54 0 0 0 0 0 0 0 0
168 54 0 0 0 0 0 0 0 0
237 54 2 1 54 7 0 0 0 0
238 54 0 0 0 0 0 0 0 0
244 6 0 0 0 0 0 6 4 1
245 6 0 0 0 0 0 6 1 1
257 6 0 0 0 0 0 0 0 0
260 6 0 0 0 0 0 0 0 0
261 6 0 0 0 0 0 0 0 0
273 6 0 0 0 0 0 6 5 1
274 6 0 0 0 0 0 6 1 1
287 6 0 0 0 0 0 0 0 0
288 6 0 0 0 0 0 0 0 0
290 6 0 0 0 0 0 0 0 0
293 6 0 0 0 0 0 0 0 0
296 6 0 0 0 0 0 0 0 0
299 69 2 1 0 0 0 69 14 0
300 69 0 0 0 0 0 69 55 28
301 69 0 0 0 0 0 69 14 0
302 69 0 0 0 0 0 69 54 28
303 69 0 0 0 0 0 0 0 0
304 69 0 0 0 0 0 0 0 0
305 75 0 0 0 0 0 0 0 0
308 6 0 0 0 0 0 6 1 0
309 6 0 0 0 0 0 6 3 1
310 6 0 0 0 0 0 6 2 1
311 6 0 0 0 0 0 6 0 0
314 12 0 0 6 0 0 0 0 0
325 48 1 1 0 0 0 0 0 0
326 48 0 0 0 0 0 0 0 0
327 48 0 0 0 0 0 0 0 0
328 663472 0 0 0 0 0 663424 10320 3755
329 48 0 0 0 0 0 0 0 0
330 96 0 0 48 0 0 0 0 0
337 8 0 0 0 0 0 0 0 0
346 8 0 0 0 0 0 0 0 0
347 8 0 0 0 0 0 0 0 0
352 8 0 0 0 0 0 0 0 0
353 8 0 0 0 0 0 0 0 0
354 8 0 0 0 0 0 0 0 0
355 8 0 0 0 0 0 0 0 0
356 8 0 0 0 0 0 0 0 0
357 8 0 0 0 0 0 0 0 0
358 6 0 0 0 0 0 0 0 0
359 6 0 0 0 0 0 6 0 0
361 6 0 0 6 0 0 0 0 0
416 2 2 1 0 0 0 2 0 0
417 2 0 0 0 0 0 2 0 0
418 2 0 0 0 0 0 2 0 0
423 2 0 0 2 0 0 0 0 0
fl=./string/../sysdeps/x86_64/multiarch/memset.c
fn=memset
29 2 1 1 0 0 0 0 0 0
fl=./string/../sysdeps/x86_64/multiarch/stpcpy.c
fn=stpcpy
33 3 1 1 1 0 0 0 0 0
fl=./string/../sysdeps/x86_64/multiarch/stpncpy.c
fn=stpncpy
31 3 2 2 1 0 0 0 0 0
fl=./string/../sysdeps/x86_64/multiarch/strcasecmp.c
fn=strcasecmp
31 3 0 0 1 0 0 0 0 0
fl=./string/../sysdeps/x86_64/multiarch/strcasecmp_l.c
fn=strcasecmp_l
31 3 1 1 1 0 0 0 0 0
fl=./string/../sysdeps/x86_64/multiarch/strcat.c
fn=strcat
29 3 1 1 1 0 0 0 0 0
fl=./string/../sysdeps/x86_64/multiarch/strchr-avx2.S
fn=__strchrnul_avx2
53 22 2 1 0 0 0 0 0 0
55 22 0 0 0 0 0 0 0 0
56 22 0 0 0 0 0 0 0 0
57 22 0 0 0 0 0 0 0 0
58 22 0 0 0 0 0 0 0 0
59 22 0 0 0 0 0 0 0 0
62 22 0 0 0 0 0 0 0 0
63 22 1 1 0 0 0 0 0 0
67 22 0 0 22 10 3 0 0 0
68 22 0 0 0 0 0 0 0 0
69 22 0 0 0 0 0 0 0 0
70 22 0 0 0 0 0 0 0 0
71 22 0 0 0 0 0 0 0 0
72 22 0 0 0 0 0 0 0 0
73 22 0 0 0 0 0 0 0 0
74 21 0 0 0 0 0 0 0 0
87 21 0 0 0 0 0 0 0 0
89 42 0 0 21 0 0 0 0 0
114 1 0 0 0 0 0 0 0 0
115 1 0 0 0 0 0 0 0 0
121 1 0 0 0 0 0 0 0 0
122 2 0 0 1 0 0 0 0 0
157 1 1 1 0 0 0 0 0 0
161 1 0 0 1 0 0 0 0 0
162 1 0 0 0 0 0 0 0 0
163 1 1 1 0 0 0 0 0 0
164 1 0 0 0 0 0 0 0 0
165 1 0 0 0 0 0 0 0 0
166 1 0 0 0 0 0 0 0 0
167 1 0 0 0 0 0 0 0 0
169 1 0 0 1 1 1 0 0 0
170 1 0 0 0 0 0 0 0 0
171 1 0 0 0 0 0 0 0 0
172 1 0 0 0 0 0 0 0 0
173 1 0 0 0 0 0 0 0 0
174 1 0 0 0 0 0 0 0 0
175 1 0 0 0 0 0 0 0 0
fl=./string/../sysdeps/x86_64/multiarch/strchr.c
fn=index
42 4 0 0 0 0 0 0 0 0
43 2 1 1 2 0 0 0 0 0
44 3 0 0 1 0 0 0 0 0
47 2 0 0 0 0 0 0 0 0
48 2 0 0 0 0 0 0 0 0
51 3 0 0 0 0 0 0 0 0
54 3 0 0 0 0 0 0 0 0
65 3 2 2 1 0 0 0 0 0
fl=./string/../sysdeps/x86_64/multiarch/strchrnul.c
fn=strchrnul
31 3 0 0 1 0 0 0 0 0
fl=./string/../sysdeps/x86_64/multiarch/strcmp-avx2.S
fn=__strncmp_avx2
206 2 1 1 0 0 0 0 0 0
230 2 0 0 0 0 0 0 0 0
235 2 0 0 0 0 0 0 0 0
249 2 0 0 0 0 0 0 0 0
274 2 0 0 0 0 0 0 0 0
275 2 0 0 0 0 0 0 0 0
276 2 0 0 0 0 0 0 0 0
278 2 0 0 0 0 0 0 0 0
279 2 1 1 0 0 0 0 0 0
283 1 0 0 1 0 0 0 0 0
287 1 0 0 1 0 0 0 0 0
289 1 0 0 0 0 0 0 0 0
291 1 0 0 0 0 0 0 0 0
294 1 0 0 0 0 0 0 0 0
296 1 0 0 0 0 0 0 0 0
297 1 0 0 0 0 0 0 0 0
308 1 0 0 0 0 0 0 0 0
318 1 0 0 1 0 0 0 0 0
319 1 0 0 1 0 0 0 0 0
322 1 0 0 0 0 0 0 0 0
326 2 0 0 1 0 0 0 0 0
331 1 0 0 0 0 0 0 0 0
332 1 0 0 0 0 0 0 0 0
333 1 0 0 0 0 0 0 0 0
957 1 1 1 0 0 0 0 0 0
958 1 0 0 0 0 0 0 0 0
959 1 0 0 0 0 0 0 0 0
960 1 0 0 0 0 0 0 0 0
962 1 0 0 0 0 0 0 0 0
965 1 0 0 0 0 0 0 0 0
966 1 0 0 0 0 0 0 0 0
993 1 1 1 1 0 0 0 0 0
994 1 0 0 1 0 0 0 0 0
995 1 0 0 0 0 0 0 0 0
996 1 0 0 0 0 0 0 0 0
997 1 0 0 0 0 0 0 0 0
998 1 0 0 0 0 0 0 0 0
1000 1 0 0 0 0 0 0 0 0
1047 1 1 1 1 0 0 0 0 0
1048 1 0 0 1 0 0 0 0 0
1051 1 0 0 0 0 0 0 0 0
1052 1 0 0 0 0 0 0 0 0
1053 1 0 0 0 0 0 0 0 0
1056 2 0 0 1 0 0 0 0 0
1063 1 0 0 0 0 0 0 0 0
1064 1 0 0 0 0 0 0 0 0
1065 1 0 0 0 0 0 0 0 0
1066 1 0 0 0 0 0 0 0 0
1076 1 1 1 0 0 0 0 0 0
1077 1 0 0 0 0 0 0 0 0
1080 1 0 0 0 0 0 0 0 0
1081 1 0 0 0 0 0 0 0 0
1082 1 0 0 0 0 0 0 0 0
1083 1 0 0 0 0 0 0 0 0
1089 1 1 1 0 0 0 0 0 0
1091 1 0 0 0 0 0 0 0 0
1094 1 0 0 0 0 0 0 0 0
1095 1 0 0 0 0 0 0 0 0
fl=./string/../sysdeps/x86_64/multiarch/strcmp.c
fn=strcmp
47 4 0 0 0 0 0 0 0 0
48 2 0 0 2 0 0 0 0 0
49 3 1 1 1 0 0 0 0 0
52 2 0 0 0 0 0 0 0 0
53 2 1 1 0 0 0 0 0 0
56 3 0 0 0 0 0 0 0 0
59 3 0 0 0 0 0 0 0 0
79 3 1 1 1 0 0 0 0 0
fl=./string/../sysdeps/x86_64/multiarch/strcpy.c
fn=strcpy
29 3 1 1 1 0 0 0 0 0
fl=./string/../sysdeps/x86_64/multiarch/strcspn.c
fn=strcspn
29 2 1 1 1 0 0 0 0 0
fl=./string/../sysdeps/x86_64/multiarch/strlen-avx2.S
fn=__strlen_avx2
52 81 4 1 0 0 0 0 0 0
65 81 0 0 0 0 0 0 0 0
66 81 0 0 0 0 0 0 0 0
67 81 0 0 0 0 0 0 0 0
70 81 0 0 0 0 0 0 0 0
72 81 0 0 0 0 0 0 0 0
73 81 0 0 0 0 0 0 0 0
76 81 0 0 81 12 9 0 0 0
77 81 0 0 0 0 0 0 0 0
85 81 0 0 0 0 0 0 0 0
86 81 0 0 0 0 0 0 0 0
87 81 0 0 0 0 0 0 0 0
92 162 0 0 81 0 0 0 0 0
fl=./string/../sysdeps/x86_64/multiarch/strlen.c
fn=strlen
29 6 1 1 2 0 0 0 0 0
fl=./string/../sysdeps/x86_64/multiarch/strncase.c
fn=strncasecmp
31 3 0 0 1 0 0 0 0 0
fl=./string/../sysdeps/x86_64/multiarch/strncase_l.c
fn=strncasecmp_l
31 3 1 1 1 0 0 0 0 0
fl=./string/../sysdeps/x86_64/multiarch/strncmp.c
fn=strncmp
43 4 0 0 0 0 0 0 0 0
44 2 0 0 2 0 0 0 0 0
45 3 1 1 1 0 0 0 0 0
48 2 0 0 0 0 0 0 0 0
49 2 0 0 0 0 0 0 0 0
52 3 0 0 0 0 0 0 0 0
55 5 1 1 0 0 0 0 0 0
67 3 1 1 1 0 0 0 0 0
fl=./string/../sysdeps/x86_64/multiarch/strncpy.c
fn=strncpy
29 3 1 1 1 0 0 0 0 0
fl=./string/../sysdeps/x86_64/multiarch/strnlen.c
fn=strnlen
31 6 1 1 2 0 0 0 0 0
fl=./string/../sysdeps/x86_64/multiarch/strpbrk.c
fn=strpbrk
29 2 1 1 1 0 0 0 0 0
fl=./string/../sysdeps/x86_64/multiarch/strrchr-avx2.S
fn=__strrchr_avx2
53 1 1 1 0 0 0 0 0 0
54 1 0 0 0 0 0 0 0 0
55 1 0 0 0 0 0 0 0 0
57 1 0 0 0 0 0 0 0 0
58 1 1 1 0 0 0 0 0 0
62 1 0 0 0 0 0 0 0 0
63 1 0 0 0 0 0 0 0 0
64 1 0 0 0 0 0 0 0 0
67 1 0 0 1 1 0 0 0 0
69 1 0 0 0 0 0 0 0 0
70 1 0 0 0 0 0 0 0 0
71 1 0 0 0 0 0 0 0 0
72 1 0 0 0 0 0 0 0 0
75 1 0 0 0 0 0 0 0 0
76 1 0 0 0 0 0 0 0 0
78 1 0 0 0 0 0 0 0 0
79 1 0 0 0 0 0 0 0 0
80 1 0 0 0 0 0 0 0 0
81 1 0 0 0 0 0 0 0 0
82 1 0 0 0 0 0 0 0 0
91 2 0 0 1 0 0 0 0 0
fl=./string/../sysdeps/x86_64/multiarch/strrchr.c
fn=rindex
28 3 0 0 1 0 0 0 0 0
fl=./string/../sysdeps/x86_64/multiarch/strspn.c
fn=strspn
29 2 1 1 1 0 0 0 0 0
fl=./string/./string/strdup.c
fn=strdup
40 36 1 1 0 0 0 18 0 0
41 12 0 0 0 0 0 6 0 0
44 12 1 1 0 0 0 0 0 0
47 24 0 0 0 0 0 0 0 0
48 18 0 0 18 0 0 0 0 0
fl=./time/../sysdeps/unix/sysv/linux/clock_gettime.c
fn=clock_gettime@@GLIBC_2.17
30 180 4 1 0 0 0 0 0 0
38 360 0 0 360 192 0 0 0 0
40 360 0 0 0 0 0 0 0 0
44 360 0 0 180 0 0 0 0 0
68 360 0 0 0 0 0 0 0 0
69 360 6 1 0 0 0 0 0 0
fl=./wcsmbs/../sysdeps/x86_64/multiarch/ifunc-avx2.h
fn=wcschr
38 8 1 1 0 0 0 0 0 0
40 6 0 0 4 0 0 0 0 0
41 4 0 0 2 0 0 0 0 0
42 6 0 0 2 0 0 0 0 0
45 4 0 0 0 0 0 0 0 0
46 4 0 0 0 0 0 0 0 0
49 6 0 0 0 0 0 0 0 0
52 12 1 1 0 0 0 0 0 0
fn=wcscmp
38 4 0 0 0 0 0 0 0 0
40 3 0 0 2 0 0 0 0 0
41 2 1 1 1 0 0 0 0 0
42 3 0 0 1 0 0 0 0 0
45 2 0 0 0 0 0 0 0 0
46 2 0 0 0 0 0 0 0 0
49 3 0 0 0 0 0 0 0 0
52 6 1 1 0 0 0 0 0 0
fl=./wcsmbs/../sysdeps/x86_64/multiarch/ifunc-evex.h
fn=wmemchr
37 8 0 0 0 0 0 0 0 0
38 6 1 1 4 0 0 0 0 0
39 6 0 0 2 0 0 0 0 0
42 4 0 0 0 0 0 0 0 0
43 4 1 1 0 0 0 0 0 0
45 4 0 0 0 0 0 0 0 0
51 6 0 0 0 0 0 0 0 0
54 8 0 0 0 0 0 0 0 0
fl=./wcsmbs/../sysdeps/x86_64/multiarch/ifunc-memcmp.h
fn=wmemcmp
34 5 1 1 2 0 0 0 0 0
35 2 0 0 1 0 0 0 0 0
36 2 0 0 0 0 0 0 0 0
37 3 0 0 1 0 0 0 0 0
40 2 0 0 0 0 0 0 0 0
41 2 0 0 0 0 0 0 0 0
44 3 0 0 0 0 0 0 0 0
47 4 0 0 0 0 0 0 0 0
fl=./wcsmbs/../sysdeps/x86_64/multiarch/ifunc-wcs.h
fn=wcpncpy
39 4 1 1 0 0 0 0 0 0
40 3 0 0 2 0 0 0 0 0
41 3 0 0 1 0 0 0 0 0
44 2 0 0 0 0 0 0 0 0
45 3 0 0 0 0 0 0 0 0
48 4 0 0 0 0 0 0 0 0
fn=wcscat
39 4 0 0 0 0 0 0 0 0
40 3 0 0 2 0 0 0 0 0
41 3 0 0 1 0 0 0 0 0
44 2 0 0 0 0 0 0 0 0
45 3 0 0 0 0 0 0 0 0
48 4 0 0 0 0 0 0 0 0
fn=wcsncpy
39 4 0 0 0 0 0 0 0 0
40 3 0 0 2 0 0 0 0 0
41 3 0 0 1 0 0 0 0 0
44 2 0 0 0 0 0 0 0 0
45 3 0 0 0 0 0 0 0 0
48 4 0 0 0 0 0 0 0 0
fl=./wcsmbs/../sysdeps/x86_64/multiarch/ifunc-wcslen.h
fn=wcslen
40 4 0 0 0 0 0 0 0 0
41 2 0 0 2 0 0 0 0 0
42 3 1 1 1 0 0 0 0 0
45 2 0 0 0 0 0 0 0 0
46 2 0 0 0 0 0 0 0 0
49 3 0 0 0 0 0 0 0 0
52 3 0 0 0 0 0 0 0 0
fn=wcsnlen
40 4 0 0 0 0 0 0 0 0
41 2 1 1 2 0 0 0 0 0
42 3 0 0 1 0 0 0 0 0
45 2 1 1 0 0 0 0 0 0
46 2 0 0 0 0 0 0 0 0
49 3 0 0 0 0 0 0 0 0
52 3 0 0 0 0 0 0 0 0
fl=./wcsmbs/../sysdeps/x86_64/multiarch/ifunc-wmemset.h
fn=wmemset
36 10 0 0 4 0 0 0 0 0
37 6 1 1 2 0 0 0 0 0
fl=./wcsmbs/../sysdeps/x86_64/multiarch/wcpcpy.c
fn=wcpncpy
31 1 1 1 0 0 0 0 0 0
fl=./wcsmbs/../sysdeps/x86_64/multiarch/wcpncpy.c
fn=wcpncpy
31 1 0 0 1 0 0 0 0 0
fl=./wcsmbs/../sysdeps/x86_64/multiarch/wcscat.c
fn=wcscat
31 2 1 1 1 0 0 0 0 0
fn=wcschr
31 2 1 1 0 0 0 0 0 0
fl=./wcsmbs/../sysdeps/x86_64/multiarch/wcschr.c
fn=wcschr
31 4 0 0 2 0 0 0 0 0
fl=./wcsmbs/../sysdeps/x86_64/multiarch/wcscmp.c
fn=wcscmp
30 3 1 1 1 0 0 0 0 0
fl=./wcsmbs/../sysdeps/x86_64/multiarch/wcscpy.c
fn=wcscpy
42 4 0 0 0 0 0 0 0 0
43 2 1 1 2 0 0 0 0 0
44 3 0 0 1 0 0 0 0 0
46 2 1 1 0 0 0 0 0 0
47 3 0 0 0 0 0 0 0 0
50 3 0 0 0 0 0 0 0 0
60 2 1 1 1 0 0 0 0 0
fl=./wcsmbs/../sysdeps/x86_64/multiarch/wcslen.c
fn=wcslen
29 3 2 2 1 0 0 0 0 0
fl=./wcsmbs/../sysdeps/x86_64/multiarch/wcsncpy.c
fn=wcsncpy
31 2 1 1 1 0 0 0 0 0
fl=./wcsmbs/../sysdeps/x86_64/multiarch/wcsnlen.c
fn=wcsnlen
30 3 1 1 1 0 0 0 0 0
fl=./wcsmbs/../sysdeps/x86_64/multiarch/wmemchr.c
fn=wmemchr
31 4 1 1 2 0 0 0 0 0
fl=./wcsmbs/../sysdeps/x86_64/multiarch/wmemcmp.c
fn=wmemcmp
29 4 1 1 1 0 0 0 0 0
fl=./wcsmbs/../sysdeps/x86_64/multiarch/wmemset.c
fn=wmemset
31 4 1 1 2 0 0 0 0 0
fl=./wcsmbs/./wcsmbs/btowc.c
fn=btowc
32 2560 1 1 256 0 0 1280 0 0
37 1792 1 1 0 0 0 0 0 0
42 512 0 0 0 0 0 0 0 0
46 384 0 0 384 1 0 0 0 0
47 256 1 1 256 2 0 0 0 0
48 256 0 0 128 1 0 0 0 0
52 512 0 0 128 0 0 0 0 0
55 1152 0 0 384 0 0 128 0 0
94 1792 1 1 1408 0 0 0 0 0
fl=./wcsmbs/./wcsmbs/wctob.c
fn=wctob
30 1280 1 1 128 0 0 640 0 0
39 384 0 0 0 0 0 0 0 0
44 256 0 0 0 0 0 0 0 0
45 128 0 0 0 0 0 0 0 0
79 1152 1 1 896 0 0 0 0 0
fl=./wcsmbs/./wcsmbsload.h
fn=btowc
69 128 0 0 128 1 0 0 0 0
70 384 0 0 128 1 0 0 0 0
fl=./wctype/./wctype/wctype_l.c
fn=wctype_l
26 110 1 1 0 0 0 60 0 0
29 20 1 1 0 0 0 10 0 0
32 30 0 0 20 1 0 10 0 0
33 68 0 0 0 0 0 0 0 0
35 174 0 0 0 0 0 58 0 0
37 410 1 1 0 0 0 49 0 0
40 48 0 0 0 0 0 0 0 0
41 96 0 0 48 0 0 0 0 0
45 20 0 0 20 1 0 0 0 0
46 10 0 0 10 2 0 0 0 0
47 80 0 0 70 0 0 0 0 0
fl=/mnt/d/Dev/cerid/build/subfft_mb.cpp
fn=main
22 6 0 0 0 0 0 3 0 0
23 15 3 1 6 6 0 0 0 0
24 3661917 41 15 417798 12 0 786435 73737 1
25 42 1 1 12 6 0 9 7 0
26 14475 11 4 0 0 0 2895 0 0
27 201 6 2 78 24 0 36 0 0
28 24 0 0 6 0 0 3 3 0
29 15 3 1 6 6 0 6 0 0
30 228 0 0 90 0 0 3 3 0
32 31050 11 4 17820 3195 0 3105 0 0
33 90 6 2 90 45 0 0 0 0
36 39 3 1 21 6 0 9 3 1
37 9 0 0 0 0 0 6 0 0
40 18 2 2 3 1 0 9 0 0
41 6 1 1 0 0 0 2 2 2
43 13 1 1 3 1 1 6 1 0
44 16 0 0 9 0 0 1 1 0
46 15 5 1 9 0 0 6 1 0
52 16 0 0 10 3 0 1 0 0
fl=/mnt/d/Dev/cerid/engine/containers/include/crd/containers/array.hpp
fn=crd::hesap::fft::FftPlan<double>::FftPlan(crd::memory::IAllocator*, unsigned long)
45 138 15 5 0 0 0 135 24 0
141 9778 10 7 2186 5 0 279 0 0
183 96 15 5 45 0 0 0 0 0
227 33 9 3 33 8 0 0 0 0
231 48 0 0 0 0 0 0 0 0
234 81 0 0 27 0 0 0 0 0
236 243 3 1 36 0 0 27 0 0
239 54 12 4 24 0 0 27 0 0
508 48 25 9 0 0 0 0 0 0
510 105 18 6 3 0 0 3 3 0
520 168 20 7 87 8 0 30 3 0
521 57 3 1 57 0 0 0 0 0
523 54 14 5 27 0 0 27 0 0
524 33 0 0 6 0 0 27 0 0
555 54 3 1 0 0 0 0 0 0
568 3 3 1 3 0 0 0 0 0
588 54 0 0 0 0 0 0 0 0
fn=crd::hesap::fft::FftPlan<double>::execute_batched(std::span<crd::hesap::Complex<double>, 18446744073709551615ul>, unsigned long, crd::hesap::fft::FftDirection) const [clone .isra.0]
146 50948140 8 4 20013135 9650 0 3097650 1930 0
fn=crd::hesap::fft::FftPlan<double>::~FftPlan()
295 45 6 2 0 0 0 45 0 0
588 135 15 5 45 15 0 0 0 0
590 84 3 1 81 9 0 24 0 0
fn=crd::hesap::fft::FftPlan<float>::FftPlan(crd::memory::IAllocator*, unsigned long)
45 138 13 5 0 0 0 135 24 0
138 3584 0 0 0 0 0 0 0 0
141 9710 11 8 2186 3 0 279 0 0
183 93 18 6 45 0 0 0 0 0
227 33 3 1 33 5 0 0 0 0
231 48 7 3 0 0 0 0 0 0
234 81 3 1 27 0 0 0 0 0
236 243 3 1 36 0 0 27 0 0
239 54 5 2 24 0 0 27 0 0
508 48 14 5 0 0 0 0 0 0
510 99 17 6 3 0 0 3 3 0
520 174 14 6 87 6 0 27 3 0
521 57 5 2 57 0 0 0 0 0
523 54 10 4 27 0 0 27 0 0
524 33 1 1 6 0 0 27 0 0
555 54 4 2 0 0 0 0 0 0
588 54 0 0 0 0 0 0 0 0
fn=crd::hesap::fft::FftPlan<float>::~FftPlan()
295 45 6 2 0 0 0 45 0 0
588 135 15 5 45 15 0 0 0 0
590 84 3 1 81 12 0 24 0 0
fn=main
143 985600 0 0 0 0 0 2560 0 0
146 6363728 9 7 1417030 59540 0 1418776 3858 0
231 12 0 0 0 0 0 0 0 0
234 36882 1 1 0 0 0 0 0 0
510 18 0 0 0 0 0 0 0 0
520 57 6 2 6 0 0 9 0 0
588 15 1 1 3 0 0 0 0 0
590 18 0 0 6 0 0 6 0 0
fl=/mnt/d/Dev/cerid/engine/hesap-fft/include/crd/hesap/fft/fft.hpp
fn=crd::hesap::fft::FftPlan<double>::FftPlan(crd::memory::IAllocator*, unsigned long)
99 51 2 1 3 0 0 27 3 0
100 9 1 1 0 0 0 9 3 0
102 12 1 1 0 0 0 9 3 0
105 183 3 1 3 0 0 0 0 0
111 9 0 0 0 0 0 6 0 0
112 9 0 0 0 0 0 3 0 0
118 21531 3 1 5382 0 0 3590 0 0
120 50200 8 3 16128 1 0 8963 0 0
121 21504 6 2 14336 0 0 7168 512 0
122 7168 0 0 0 0 0 7168 267 0
125 21507 3 1 0 0 0 0 0 0
127 7171 0 0 3 0 0 7168 0 0
129 12 0 0 6 2 0 0 0 0
167 25 5 2 6 2 0 3 3 0
170 30 0 0 24 3 0 0 0 0
204 4 0 0 0 0 0 0 0 0
209 405 2 1 364 0 0 0 0 0
211 14 0 0 0 0 0 0 0 0
212 21 0 0 0 0 0 0 0 0
213 38 0 0 0 0 0 0 0 0
217 34 6 2 0 0 0 0 0 0
218 7 0 0 0 0 0 0 0 0
220 6 0 0 0 0 0 0 0 0
227 63 3 1 31 0 0 0 0 0
229 14 0 0 0 0 0 0 0 0
230 27 0 0 6 0 0 0 0 0
231 38 0 0 0 0 0 0 0 0
235 21 1 1 0 0 0 7 3 0
236 21 3 2 0 0 0 7 0 0
237 37 0 0 10 0 0 10 2 0
238 2411 9 3 1500 0 0 84 0 0
240 3032 4 2 658 0 0 318 0 0
243 3428 2 1 2054 598 0 1306 26 0
244 3632 6 5 1850 598 0 1306 22 0
245 762 2 1 0 0 0 0 0 0
1571 7168 0 0 0 0 0 0 0 0
1572 145420 3 1 0 0 0 0 0 0
1574 277504 3 1 0 0 0 0 0 0
1575 132096 9 3 0 0 0 0 0 0
fn=crd::hesap::fft::FftPlan<double>::batched_butterfly8(crd::hesap::Complex<double>*, unsigned long, unsigned long, unsigned long, unsigned long, unsigned long, unsigned long, unsigned long, unsigned long, unsigned long, double, double, double, double, double, double, double, double, double, double, double, double, double, double)
637 55584000 1 1 0 0 0 24704000 5790 0
642 6176000 0 0 0 0 0 0 0 0
643 6176000 0 0 0 0 0 0 0 0
644 9264000 3 1 0 0 0 0 0 0
645 9264000 0 0 0 0 0 0 0 0
646 9264000 3 1 3088000 0 0 0 0 0
647 6176000 3 1 3088000 0 0 0 0 0
648 6176000 0 0 3088000 0 0 0 0 0
649 6176000 0 0 3088000 0 0 0 0 0
657 151929600 7 3 27792000 0 0 30880000 2895 0
698 9264000 1 1 0 0 0 0 0 0
732 24704000 0 0 21616000 0 0 0 0 0
fn=crd::hesap::fft::FftPlan<double>::execute_batched(std::span<crd::hesap::Complex<double>, 18446744073709551615ul>, unsigned long, crd::hesap::fft::FftDirection) const [clone .isra.0]
448 40530 3 1 2895 0 0 28950 0 0
452 8685 0 0 2895 0 0 0 0 0
464 11580 3 1 0 0 0 0 0 0
466 2895 3 1 2895 2895 0 0 0 0
474 17370 0 0 5790 0 0 0 0 0
481 34585600 0 0 0 0 0 0 0 0
483 6917120 0 0 6917120 867535 0 0 0 0
484 13834240 0 0 0 0 0 0 0 0
486 147631490 3 1 0 0 0 0 0 0
488 92392960 3 1 92392960 24826555 0 0 0 0
489 215218160 6 2 92392960 26459356 0 92392960 0 0
490 92392960 3 1 0 0 0 92392960 0 0
494 8685 3 1 2895 2895 1 0 0 0
498 1930 0 0 0 0 0 1930 1930 0
499 20265 0 0 2895 2895 0 0 0 0
500 6755 0 0 0 0 0 0 0 0
503 3471105 2 2 494080 0 0 1930 0 0
505 2964480 1 1 1976320 3860 0 0 0 0
508 965 0 0 0 0 0 965 965 0
510 3860 0 0 0 0 0 0 0 0
512 2895 0 0 0 0 0 0 0 0
513 8403220 3 3 4941765 0 0 989125 0 0
515 5434880 1 1 2964480 3860 0 0 0 0
519 2895 1 1 0 0 0 965 0 0
521 36670 3 0 11580 0 0 0 0 0
524 51145 3 1 2895 0 0 9650 0 0
525 67550 0 0 0 0 0 6755 0 0
526 7819395 5 3 4233455 27020 0 28950 0 0
528 5643320 3 1 0 0 0 2116245 0 0
529 30613660 2 1 13762830 0 0 705415 0 0
533 6176000 0 0 6176000 830865 0 0 0 0
534 3088000 3 1 3088000 566455 0 0 0 0
535 3088000 0 0 3088000 973685 0 0 0 0
536 3088000 0 0 3088000 796125 0 0 0 0
537 6176000 0 0 3088000 1048955 0 3088000 0 0
538 3088000 0 0 3088000 802880 0 0 0 0
539 3088000 0 0 3088000 1111680 0 0 0 0
541 101952250 3 2 33968000 6250305 0 37075300 5790 0
542 96500 3 1 19300 0 0 19300 1930 0
544 6176000 0 0 3088000 0 0 0 0 0
548 28950 0 0 23160 2895 0 0 0 0
563 21245440 1 1 988160 0 0 0 0 0
573 988160 0 0 0 0 0 0 0 0
598 15810560 1 1 494080 0 0 988160 0 0
617 988160 0 0 0 0 0 0 0 0
fn=crd::hesap::fft::FftPlan<double>::~FftPlan()
174 9 3 1 0 0 0 3 0 0
176 9 0 0 3 0 0 0 0 0
181 9 0 0 3 0 0 0 0 0
186 9 3 1 3 0 0 0 0 0
190 9 0 0 3 0 0 0 0 0
194 3 0 0 3 0 0 0 0 0
fn=crd::hesap::fft::FftPlan<float>::FftPlan(crd::memory::IAllocator*, unsigned long)
99 51 5 2 3 0 0 27 3 0
100 9 0 0 0 0 0 9 3 0
102 12 2 1 0 0 0 9 3 0
105 183 3 1 3 0 0 0 0 0
111 9 0 0 0 0 0 6 0 0
112 9 0 0 0 0 0 3 0 0
118 16155 4 2 3590 0 0 6 0 0
120 46616 9 4 19712 0 0 12547 0 0
121 26880 0 0 12544 0 0 7168 0 0
122 14336 3 1 0 0 0 7168 0 0
125 21507 3 1 0 0 0 0 0 0
127 7171 0 0 3 0 0 7168 0 0
129 12 0 0 6 1 0 0 0 0
167 25 6 3 6 2 0 3 2 0
170 30 0 0 24 2 0 0 0 0
204 4 0 0 0 0 0 0 0 0
209 405 3 1 364 0 0 0 0 0
211 14 0 0 0 0 0 0 0 0
212 21 0 0 0 0 0 0 0 0
213 38 0 0 0 0 0 0 0 0
217 34 6 2 0 0 0 0 0 0
218 7 0 0 0 0 0 0 0 0
220 6 0 0 0 0 0 0 0 0
227 63 0 0 31 0 0 0 0 0
229 14 0 0 0 0 0 0 0 0
230 27 3 1 6 0 0 0 0 0
231 38 3 1 0 0 0 0 0 0
235 21 0 0 0 0 0 7 3 0
236 21 2 1 0 0 0 7 0 0
237 37 0 0 10 0 0 10 2 0
238 2411 3 1 1500 0 0 84 0 0
240 3032 7 4 658 0 0 318 0 0
243 3428 6 4 2054 300 0 1306 0 0
244 3632 5 3 1850 303 0 1306 0 0
245 762 0 0 0 0 0 0 0 0
1571 7168 0 0 0 0 0 0 0 0
1572 145420 3 1 0 0 0 0 0 0
1574 277504 3 1 0 0 0 0 0 0
1575 132096 9 3 0 0 0 0 0 0
fn=crd::hesap::fft::FftPlan<float>::batched_butterfly8(crd::hesap::Complex<float>*, unsigned long, unsigned long, unsigned long, unsigned long, unsigned long, unsigned long, unsigned long, unsigned long, unsigned long, float, float, float, float, float, float, float, float, float, float, float, float, float, float)
637 67936000 0 0 12352000 0 0 21616000 5790 0
642 3088000 0 0 0 0 0 0 0 0
643 3088000 0 0 0 0 0 0 0 0
644 3088000 0 0 0 0 0 0 0 0
645 3088000 0 0 0 0 0 0 0 0
646 6176000 0 0 3088000 0 0 0 0 0
647 6176000 3 1 3088000 0 0 0 0 0
648 6176000 3 1 3088000 0 0 0 0 0
649 6176000 0 0 3088000 0 0 0 0 0
657 122284800 5 2 40144000 2895 0 24704000 0 0
698 9264000 2 1 0 0 0 0 0 0
732 24704000 0 0 21616000 0 0 0 0 0
fn=crd::hesap::fft::FftPlan<float>::~FftPlan()
174 9 3 1 0 0 0 3 0 0
176 9 0 0 3 3 0 0 0 0
181 9 0 0 3 0 0 0 0 0
186 9 3 1 3 0 0 0 0 0
190 9 0 0 3 0 0 0 0 0
194 3 0 0 3 0 0 0 0 0
fn=main
452 579 16 6 207 47 0 246 3 0
481 45031740 3 1 6922910 0 0 0 0 0
483 6917120 3 1 6917120 867534 0 0 0 0
484 13834240 0 0 0 0 0 0 0 0
486 132706704 3 1 0 0 0 0 0 0
488 92392960 3 1 92392960 13254275 0 0 0 0
489 218599520 12 4 92392960 14910236 0 92392960 0 0
490 92392960 2 1 0 0 0 92392960 0 0
498 2000 2 1 0 0 0 0 0 0
499 20328 12 5 15 15 0 51 0 0
500 5790 0 0 0 0 0 0 0 0
503 4454725 6 6 1488320 1925 0 5 5 0
505 2467840 0 0 1973760 1930 0 0 0 0
508 1933 0 0 960 960 0 0 0 0
510 3935 0 0 15 5 0 30 5 0
513 5438410 4 3 2969600 0 0 965 965 0
515 4940800 2 2 4444160 3860 0 0 0 0
519 3855 0 0 970 965 0 0 0 0
521 32840 4 1 9680 30 0 0 0 0
524 63610 6 2 2930 0 0 12530 1925 0
525 102 8 3 0 0 0 39 12 0
526 7116620 9 3 3537940 26295 0 19200 3840 0
528 1410830 0 0 0 0 0 701760 0 0
529 43572435 11 4 18258005 960 0 4948870 2880 0
541 151414900 25 9 71024000 3520170 0 43251350 5805 0
542 28950 0 0 0 0 0 0 0 0
544 6176000 6 2 3088000 2880 0 0 0 0
563 12354560 2 2 2560 0 0 0 0 0
573 988160 1 1 494080 0 0 0 0 0
589 10240 1 1 2560 0 0 0 0 0
591 494080 0 0 0 0 0 0 0 0
598 14809600 4 4 983040 0 0 983040 960 0
617 988170 1 1 494090 5 0 0 0 0
629 9 3 1 6 0 0 0 0 0
fl=/mnt/d/Dev/cerid/engine/hesap/include/crd/hesap/complex.hpp
fn=main
39 165942 8 4 0 0 0 147456 73728 16383
fl=/mnt/d/Dev/cerid/engine/memory/include/crd/memory/alignment.hpp
fn=crd::memory::MallocAllocator::allocate(unsigned long, unsigned long)
29 5 0 0 0 0 0 1 1 1
fn=crd::memory::TlsfAllocator::try_allocate(unsigned long, unsigned long)
29 120 2 1 0 0 0 0 0 0
fl=/mnt/d/Dev/cerid/engine/memory/include/crd/memory/allocators/malloc_allocator.hpp
fn=crd::memory::MallocAllocator::~MallocAllocator()
26 2 1 1 1 0 0 0 0 0
fl=/mnt/d/Dev/cerid/engine/memory/src/allocator.cpp
fn=crd::memory::TlsfAllocator::TlsfAllocator(unsigned long, crd::memory::IAllocator*, char const*)
57 16 1 1 1 0 0 3 0 0
fl=/mnt/d/Dev/cerid/engine/memory/src/allocators/malloc_allocator.cpp
fn=crd::memory::MallocAllocator::allocate(unsigned long, unsigned long)
70 11 1 1 0 0 0 6 0 0
72 6 1 1 3 0 0 1 0 0
73 2 0 0 0 0 0 0 0 0
79 11 1 1 9 0 0 0 0 0
84 2 0 0 0 0 0 0 0 0
88 3 0 0 0 0 0 0 0 0
fn=crd::memory::MallocAllocator::deallocate(void*)
38 2 0 0 0 0 0 0 0 0
54 2 1 1 0 0 0 1 0 0
102 2 1 1 0 0 0 1 0 0
103 2 0 0 0 0 0 0 0 0
107 6 0 0 2 0 0 0 0 0
110 1 0 0 1 0 0 0 0 0
fn=crd::memory::TlsfAllocator::TlsfAllocator(unsigned long, crd::memory::IAllocator*, char const*)
64 6 1 1 0 0 0 1 0 0
fl=/mnt/d/Dev/cerid/engine/memory/src/allocators/tlsf_allocator.cpp
fn=crd::memory::(anonymous namespace)::block_merge_next(crd::memory::(anonymous namespace)::BlockHeader*, unsigned int&, unsigned int*, void* (*) [32])
54 360 0 0 120 0 0 0 0 0
69 180 0 0 0 0 0 60 0 0
104 120 0 0 0 0 0 0 0 0
122 120 2 1 0 0 0 0 0 0
130 360 0 0 0 0 0 0 0 0
131 120 0 0 0 0 0 0 0 0
267 60 0 0 60 0 0 0 0 0
268 60 0 0 60 0 0 0 0 0
269 120 0 0 0 0 0 0 0 0
273 120 0 0 0 0 0 0 0 0
277 300 0 0 60 6 0 0 0 0
279 60 1 1 0 0 0 60 0 0
323 240 0 0 0 0 0 0 0 0
327 360 0 0 60 6 0 0 0 0
328 60 0 0 0 0 0 0 0 0
330 240 0 0 60 6 0 0 0 0
333 60 0 0 0 0 0 0 0 0
416 480 1 1 0 0 0 300 0 0
425 60 0 0 0 0 0 0 0 0
430 60 0 0 0 0 0 60 6 0
432 420 0 0 360 0 0 0 0 0
fn=crd::memory::TlsfAllocator::TlsfAllocator(unsigned long, crd::memory::IAllocator*, char const*)
122 2 0 0 0 0 0 0 0 0
130 4 0 0 0 0 0 0 0 0
131 2 0 0 0 0 0 0 0 0
133 1 0 0 0 0 0 0 0 0
157 9 2 2 0 0 0 4 0 0
158 8 0 0 0 0 0 4 1 0
159 798 1 1 0 0 0 782 66 0
161 1 0 0 0 0 0 1 0 0
164 5 1 1 2 1 0 1 0 0
166 6 0 0 5 0 0 0 0 0
203 1 0 0 0 0 0 1 0 0
204 1 1 1 0 0 0 1 0 0
208 1 0 0 0 0 0 0 0 0
212 1 0 0 0 0 0 0 0 0
213 1 0 0 0 0 0 1 0 0
214 3 0 0 0 0 0 1 0 0
224 1 0 0 0 0 0 0 0 0
225 1 0 0 0 0 0 1 1 1
226 1 0 0 0 0 0 1 0 0
228 1 0 0 0 0 0 1 0 0
229 1 0 0 0 0 0 1 0 0
237 2 0 0 0 0 0 1 0 0
239 6 0 0 0 0 0 1 0 0
240 3 0 0 1 0 0 0 0 0
241 4 0 0 1 0 0 0 0 0
fn=crd::memory::TlsfAllocator::allocate(unsigned long, unsigned long)
458 180 1 1 0 0 0 60 0 0
459 120 0 0 120 13 0 60 0 0
460 120 3 1 0 0 0 0 0 0
465 120 0 0 120 0 0 0 0 0
fn=crd::memory::TlsfAllocator::deallocate(void*)
54 240 3 1 120 54 0 0 0 0
59 60 0 0 60 6 0 0 0 0
74 180 0 0 0 0 0 60 0 0
84 240 0 0 60 0 0 60 0 0
99 120 0 0 0 0 0 0 0 0
104 180 0 0 0 0 0 0 0 0
122 120 1 1 0 0 0 0 0 0
130 240 0 0 0 0 0 0 0 0
131 120 0 0 0 0 0 0 0 0
256 60 0 0 0 0 0 60 13 0
257 180 0 0 60 0 0 60 0 0
258 120 0 0 0 0 0 0 0 0
262 60 0 0 0 0 0 60 0 0
314 240 2 1 0 0 0 0 0 0
316 180 0 0 60 0 0 0 0 0
317 300 0 0 60 0 0 0 0 0
576 300 2 2 0 0 0 240 0 0
577 120 0 0 0 0 0 0 0 0
593 180 0 0 0 0 0 0 0 0
600 120 0 0 0 0 0 0 0 0
602 300 3 1 0 0 0 60 0 0
614 300 0 0 300 0 0 0 0 0
fn=crd::memory::TlsfAllocator::try_allocate(unsigned long, unsigned long)
54 300 1 1 120 0 0 0 0 0
69 240 0 0 60 0 0 60 0 0
79 60 0 0 60 0 0 0 0 0
84 120 0 0 60 0 0 0 0 0
94 60 2 1 0 0 0 0 0 0
104 60 0 0 0 0 0 0 0 0
122 240 0 0 0 0 0 0 0 0
130 480 0 0 0 0 0 0 0 0
131 240 0 0 0 0 0 0 0 0
133 60 0 0 0 0 0 0 0 0
137 120 0 0 0 0 0 0 0 0
140 300 3 1 0 0 0 0 0 0
141 60 0 0 0 0 0 0 0 0
256 60 0 0 0 0 0 60 13 4
257 180 0 0 60 0 0 60 0 0
258 120 0 0 0 0 0 0 0 0
262 60 0 0 0 0 0 60 0 0
267 60 0 0 60 0 0 0 0 0
268 60 0 0 60 6 0 0 0 0
269 120 0 0 0 0 0 0 0 0
273 120 2 1 0 0 0 0 0 0
279 60 0 0 0 0 0 60 0 0
292 300 3 1 0 0 0 0 0 0
293 120 0 0 60 0 0 0 0 0
296 120 2 1 0 0 0 0 0 0
297 120 0 0 0 0 0 0 0 0
301 240 0 0 0 0 0 0 0 0
302 60 0 0 60 7 0 0 0 0
304 120 0 0 0 0 0 0 0 0
305 360 2 1 60 7 0 0 0 0
314 240 0 0 0 0 0 0 0 0
316 180 0 0 60 0 0 0 0 0
317 300 1 1 60 0 0 0 0 0
327 420 0 0 60 0 0 0 0 0
328 60 0 0 0 0 0 0 0 0
330 240 3 1 60 0 0 0 0 0
333 60 0 0 0 0 0 0 0 0
398 180 0 0 0 0 0 60 0 0
401 60 0 0 0 0 0 0 0 0
402 60 0 0 0 0 0 60 57 22
409 60 0 0 0 0 0 60 7 0
468 240 1 1 0 0 0 180 6 0
469 120 0 0 0 0 0 0 0 0
477 180 0 0 0 0 0 0 0 0
490 180 0 0 0 0 0 0 0 0
496 180 0 0 60 7 0 0 0 0
497 120 0 0 0 0 0 0 0 0
509 120 0 0 0 0 0 0 0 0
543 180 0 0 0 0 0 0 0 0
546 120 1 1 0 0 0 60 0 0
573 300 0 0 240 0 0 0 0 0
fn=crd::memory::TlsfAllocator::~TlsfAllocator()
178 3 0 0 0 0 0 1 0 0
180 6 1 1 2 0 0 0 0 0
184 1 0 0 0 0 0 0 0 0
185 4 0 0 2 2 0 0 0 0
fl=/usr/include/c++/13/bit
fn=crd::memory::(anonymous namespace)::block_merge_next(crd::memory::(anonymous namespace)::BlockHeader*, unsigned int&, unsigned int*, void* (*) [32])
215 120 2 2 0 0 0 0 0 0
fn=crd::memory::TlsfAllocator::TlsfAllocator(unsigned long, crd::memory::IAllocator*, char const*)
215 2 1 1 0 0 0 0 0 0
fn=crd::memory::TlsfAllocator::deallocate(void*)
215 120 0 0 0 0 0 0 0 0
fn=crd::memory::TlsfAllocator::try_allocate(unsigned long, unsigned long)
215 360 0 0 0 0 0 0 0 0
253 120 0 0 0 0 0 0 0 0
fl=/usr/include/c++/13/bits/atomic_base.h
fn=crd::memory::TlsfAllocator::TlsfAllocator(unsigned long, crd::memory::IAllocator*, char const*)
362 8 1 1 0 0 0 6 2 1
fl=/usr/include/c++/13/bits/chrono.h
fn=main
199 180 0 0 0 0 0 0 0 0
716 135 0 0 45 0 0 0 0 0
fl=/usr/include/c++/13/bits/stl_algobase.h
fn=main
239 180 0 0 90 0 0 90 0 0
262 18 2 1 0 0 0 6 0 0
fl=/usr/include/c++/13/bits/stl_set.h
fn=std::set<std::pair<char const*, int>, std::less<std::pair<char const*, int> >, std::allocator<std::pair<char const*, int> > >::~set()
283 4 1 1 2 0 0 1 0 0
fl=/usr/include/c++/13/bits/stl_tree.h
fn=std::set<std::pair<char const*, int>, std::less<std::pair<char const*, int> >, std::allocator<std::pair<char const*, int> > >::~set()
737 1 0 0 1 1 0 0 0 0
1934 2 0 0 0 0 0 0 0 0
fl=/usr/include/x86_64-linux-gnu/bits/stdio2.h
fn=main
86 37 1 1 18 3 0 4 0 0
fl=/usr/lib/gcc/x86_64-linux-gnu/13/include/avx2intrin.h
fn=crd::hesap::fft::FftPlan<double>::batched_butterfly8(crd::hesap::Complex<double>*, unsigned long, unsigned long, unsigned long, unsigned long, unsigned long, unsigned long, unsigned long, unsigned long, unsigned long, double, double, double, double, double, double, double, double, double, double, double, double, double, double)
1054 632422400 6 2 0 0 0 59289600 8685 0
fn=crd::hesap::fft::FftPlan<double>::execute_batched(std::span<crd::hesap::Complex<double>, 18446744073709551615ul>, unsigned long, crd::hesap::fft::FftDirection) const [clone .isra.0]
1054 118579200 3 3 0 0 0 0 0 0
fn=crd::hesap::fft::FftPlan<float>::batched_butterfly8(crd::hesap::Complex<float>*, unsigned long, unsigned long, unsigned long, unsigned long, unsigned long, unsigned long, unsigned long, unsigned long, unsigned long, float, float, float, float, float, float, float, float, float, float, float, float, float, float)
1065 355737600 9 3 0 0 0 39526400 15440 0
fn=main
1065 77086720 9 9 15841280 1930 1 0 0 0
fl=/usr/lib/gcc/x86_64-linux-gnu/13/include/avxintrin.h
fn=crd::hesap::fft::FftPlan<double>::batched_butterfly8(crd::hesap::Complex<double>*, unsigned long, unsigned long, unsigned long, unsigned long, unsigned long, unsigned long, unsigned long, unsigned long, unsigned long, double, double, double, double, double, double, double, double, double, double, double, double, double, double)
143 909107200 17 6 197632000 0 0 59289600 0 0
314 573132800 7 3 256921600 0 0 0 0 0
362 1027686400 8 3 237158400 0 0 79052800 5790 0
690 316211200 1 1 0 0 0 0 0 0
899 316211200 2 2 0 0 0 316211200 0 0
1084 316211200 0 0 158105600 0 0 0 0 0
1090 474316800 12 4 316211200 153350080 0 0 0 0
1322 80288000 6 2 18528000 0 0 40144000 23160 1
fn=crd::hesap::fft::FftPlan<double>::execute_batched(std::span<crd::hesap::Complex<double>, 18446744073709551615ul>, unsigned long, crd::hesap::fft::FftDirection) const [clone .isra.0]
143 71147520 1 1 0 0 0 0 0 0
314 47431680 1 1 0 0 0 0 0 0
362 71147520 2 2 0 0 0 0 0 0
690 63242240 2 2 0 0 0 0 0 0
899 63242240 2 2 0 0 0 63242240 0 0
1084 79052800 1 1 47431680 3458560 0 0 0 0
1090 94863360 2 2 63242240 26186240 0 0 0 0
1322 5434880 0 0 0 0 0 494080 0 0
fn=crd::hesap::fft::FftPlan<float>::batched_butterfly8(crd::hesap::Complex<float>*, unsigned long, unsigned long, unsigned long, unsigned long, unsigned long, unsigned long, unsigned long, unsigned long, unsigned long, float, float, float, float, float, float, float, float, float, float, float, float, float, float)
149 494080000 12 4 148224000 0 0 49408000 0 0
320 296448000 6 3 118579200 0 0 0 0 0
346 256921600 7 3 256921600 74297280 0 0 0 0
368 543488000 15 5 128460800 0 0 59289600 2895 0
698 158105600 3 1 0 0 0 0 0 0
911 158105600 12 4 0 0 0 158105600 0 0
1096 79052800 0 0 0 0 0 0 0 0
1102 79052800 0 0 0 0 0 0 0 0
1330 80288000 8 3 6176000 0 0 40144000 24125 0
fn=main
149 37539840 6 6 0 0 0 0 0 0
320 23715840 0 0 0 0 0 0 0 0
346 59310080 6 6 59310080 13834240 0 0 0 0
368 35573760 1 1 0 0 0 0 0 0
698 31621120 4 4 0 0 0 0 0 0
911 31621120 0 0 0 0 0 31621120 0 0
1096 15810560 2 2 0 0 0 0 0 0
1102 15810560 1 1 0 0 0 0 0 0
1330 4444160 0 0 0 0 0 2560 0 0
fl=???
fn=(below main)
0 12 1 1 2 1 0 3 0 0
fn=???
0 33011 286 241 16253 339 10 435 21 13
fn=__cpu_indicator_init
0 367 40 40 48 2 1 14 0 0
fn=__cxa_get_globals
0 16 1 1 4 0 0 4 0 0
fn=__cxa_guard_acquire
0 21 2 2 7 0 0 3 1 1
fn=__cxa_guard_release
0 6 1 1 3 0 0 1 0 0
fn=__gnu_cxx::stdio_sync_filebuf<char, std::char_traits<char> >::sync()
0 15 1 1 5 2 0 0 0 0
fn=__gnu_cxx::stdio_sync_filebuf<wchar_t, std::char_traits<wchar_t> >::sync()
0 15 1 1 5 2 0 0 0 0
fn=_sub_I_65535_0.0
0 21 2 2 4 2 1 7 1 1
fn=std::__cxx11::messages<char>::messages(unsigned long)
0 21 2 2 5 1 0 9 0 0
fn=std::__cxx11::messages<wchar_t>::messages(unsigned long)
0 21 1 1 5 0 0 9 1 1
fn=std::__cxx11::moneypunct<char, false>::_M_initialize_moneypunct(__locale_struct*, char const*)
0 114 6 6 38 2 1 31 0 0
fn=std::__cxx11::moneypunct<char, true>::_M_initialize_moneypunct(__locale_struct*, char const*)
0 115 5 5 38 0 0 31 0 0
fn=std::__cxx11::moneypunct<wchar_t, false>::_M_initialize_moneypunct(__locale_struct*, char const*)
0 109 5 5 30 0 0 31 0 0
fn=std::__cxx11::moneypunct<wchar_t, true>::_M_initialize_moneypunct(__locale_struct*, char const*)
0 109 6 6 30 0 0 31 0 0
fn=std::__cxx11::numpunct<char>::_M_initialize_numpunct(__locale_struct*)
0 417 5 5 138 5 3 76 0 0
fn=std::__cxx11::numpunct<wchar_t>::_M_initialize_numpunct(__locale_struct*)
0 353 5 5 75 1 1 75 3 3
fn=std::__timepunct<char>::_M_initialize_timepunct(__locale_struct*)
0 132 13 13 27 3 0 30 0 0
fn=std::__timepunct<char>::__timepunct(std::__timepunct_cache<char>*, unsigned long)
0 24 2 2 5 0 0 10 0 0
fn=std::__timepunct<wchar_t>::_M_initialize_timepunct(__locale_struct*)
0 129 13 13 26 2 0 29 0 0
fn=std::__timepunct<wchar_t>::__timepunct(std::__timepunct_cache<wchar_t>*, unsigned long)
0 24 2 2 5 1 0 10 1 1
fn=std::basic_ios<char, std::char_traits<char> >::_M_cache_locale(std::locale const&)
0 128 3 3 64 0 0 36 0 0
fn=std::basic_ios<char, std::char_traits<char> >::init(std::basic_streambuf<char, std::char_traits<char> >*)
0 96 2 2 16 0 0 40 0 0
fn=std::basic_ios<wchar_t, std::char_traits<wchar_t> >::_M_cache_locale(std::locale const&)
0 128 2 2 64 0 0 36 0 0
fn=std::basic_ios<wchar_t, std::char_traits<wchar_t> >::init(std::basic_streambuf<wchar_t, std::char_traits<wchar_t> >*)
0 96 2 2 16 0 0 44 0 0
fn=std::basic_ostream<wchar_t, std::char_traits<wchar_t> >::flush()
0 174 4 4 83 10 0 26 0 0
fn=std::basic_ostream<wchar_t, std::char_traits<wchar_t> >::sentry::sentry(std::basic_ostream<wchar_t, std::char_traits<wchar_t> >&)
0 97 2 2 35 1 0 25 0 0
fn=std::chrono::_V2::steady_clock::now()
0 2880 8 2 1260 96 0 540 0 0
fn=std::codecvt<char, char, __mbstate_t>::codecvt(unsigned long)
0 19 2 2 5 1 0 7 1 1
fn=std::codecvt<wchar_t, char, __mbstate_t>::codecvt(unsigned long)
0 19 2 2 5 0 0 7 2 2
fn=std::ctype<char>::ctype(unsigned short const*, bool, unsigned long)
0 121 5 5 9 2 0 80 9 9
fn=std::ctype<wchar_t>::_M_convert_to_wmask(unsigned short) const
0 146 6 6 12 0 0 0 0 0
fn=std::ctype<wchar_t>::_M_initialize_ctype()
0 2736 5 5 6 0 0 811 20 20
fn=std::ctype<wchar_t>::ctype(unsigned long)
0 21 2 2 4 0 0 8 1 1
fn=std::error_category::error_category()
0 10 1 1 4 0 0 2 0 0
fn=std::error_category::~error_category()
0 4 0 0 2 0 0 0 0 0
fn=std::future_category()
0 3 1 1 1 0 0 0 0 0
fn=std::ios_base::Init::Init()
0 272 30 29 51 9 1 146 16 4
fn=std::ios_base::Init::~Init()
0 26 3 3 11 8 0 8 0 0
fn=std::ios_base::_M_init()
0 224 3 3 64 1 1 72 0 0
fn=std::ios_base::ios_base()
0 480 3 3 8 0 0 192 30 25
fn=std::locale::_Impl::_Impl(unsigned long)
0 673 56 56 89 34 1 385 49 49
fn=std::locale::_Impl::_M_install_facet(std::locale::id const*, std::locale::facet const*)
0 12192 6 6 3584 0 0 288 0 0
fn=std::locale::facet::_S_create_c_locale(__locale_struct*&, char const*, __locale_struct*)
0 14 1 1 3 0 0 4 0 0
fn=std::locale::facet::_S_get_c_locale()
0 210 1 1 56 0 0 42 0 0
fn=std::locale::facet::_S_get_c_name()
0 21 1 1 7 0 0 0 0 0
fn=std::locale::id::_M_id() const
0 948 2 2 316 8 7 96 0 0
fn=std::locale::locale()
0 484 3 3 154 0 0 154 1 1
fn=std::locale::locale(std::locale::_Impl*)
0 3 1 1 1 0 0 1 1 0
fn=std::locale::operator=(std::locale const&)
0 184 2 2 64 0 0 32 0 0
fn=std::locale::~locale()
0 96 2 2 40 0 0 16 0 0
fn=std::messages<char>::messages(unsigned long)
0 21 2 2 5 0 0 9 1 1
fn=std::messages<wchar_t>::messages(unsigned long)
0 21 2 2 5 0 0 9 0 0
fn=std::moneypunct<char, false>::_M_initialize_moneypunct(__locale_struct*, char const*)
0 114 4 4 38 0 0 31 0 0
fn=std::moneypunct<char, true>::_M_initialize_moneypunct(__locale_struct*, char const*)
0 115 6 6 38 0 0 31 0 0
fn=std::moneypunct<wchar_t, false>::_M_initialize_moneypunct(__locale_struct*, char const*)
0 109 5 5 30 0 0 31 0 0
fn=std::moneypunct<wchar_t, true>::_M_initialize_moneypunct(__locale_struct*, char const*)
0 109 6 6 30 0 0 31 0 0
fn=std::numpunct<char>::_M_initialize_numpunct(__locale_struct*)
0 417 5 5 138 0 0 76 0 0
fn=std::numpunct<wchar_t>::_M_initialize_numpunct(__locale_struct*)
0 353 5 5 75 0 0 75 0 0
fn=std::ostream::flush()
0 174 3 3 83 10 0 26 0 0
fn=std::ostream::sentry::sentry(std::ostream&)
0 97 3 3 35 1 0 25 0 0
fn=std::uncaught_exception()
0 18 1 1 6 1 0 4 0 0
summary: 10424581780 3888 2692 2790700884 368392289 7772 1568813216 288697 21711
